Date,Region,Product,Sales
2023-01-01,North,Product_A,3201.0
2023-01-01,North,Product_B,1930.0
2023-01-01,North,Product_C,1479.0
2023-01-01,North,Product_D,3172.0
2023-01-01,North,Product_E,3050.0
2023-01-01,South,Product_A,2776.0
2023-01-01,South,Product_B,1095.0
2023-01-01,South,Product_C,1218.0
2023-01-01,South,Product_D,2221.0
2023-01-01,South,Product_E,4549.0
2023-01-01,West,Product_A,2935.0
2023-01-01,West,Product_B,3172.0
2023-01-01,West,Product_C,4192.0
2023-01-01,West,Product_D,1704.0
2023-01-01,West,Product_E,2828.0
2023-01-02,North,Product_A,1576.0
2023-01-02,North,Product_B,2854.0
2023-01-02,North,Product_C,2734.0
2023-01-02,North,Product_D,4828.0
2023-01-02,North,Product_E,1429.0
2023-01-02,South,Product_A,4090.0
2023-01-02,South,Product_B,1832.0
2023-01-02,South,Product_C,1386.0
2023-01-02,South,Product_D,4295.0
2023-01-02,South,Product_E,4738.0
2023-01-02,West,Product_A,4770.0
2023-01-02,West,Product_B,4306.0
2023-01-02,West,Product_C,2010.0
2023-01-02,West,Product_D,4006.0
2023-01-02,West,Product_E,2805.0
2023-01-03,North,Product_A,1816.0
2023-01-03,North,Product_B,1328.0
2023-01-03,North,Product_C,4544.0
2023-01-03,North,Product_D,1944.0
2023-01-03,North,Product_E,1723.0
2023-01-03,South,Product_A,2092.0
2023-01-03,South,Product_B,1261.0
2023-01-03,South,Product_C,3687.0
2023-01-03,South,Product_D,1399.0
2023-01-03,South,Product_E,1258.0
2023-01-03,West,Product_A,2764.0
2023-01-03,West,Product_B,3941.0
2023-01-03,West,Product_C,2609.0
2023-01-03,West,Product_D,3406.0
2023-01-03,West,Product_E,2878.0
2023-01-04,North,Product_A,3552.0
2023-01-04,North,Product_B,1143.0
2023-01-04,North,Product_C,4831.0
2023-01-04,North,Product_D,4773.0
2023-01-04,North,Product_E,3275.0
2023-01-04,South,Product_A,3882.0
2023-01-04,South,Product_B,2454.0
2023-01-04,South,Product_C,2855.0
2023-01-04,South,Product_D,3579.0
2023-01-04,South,Product_E,2741.0
2023-01-04,West,Product_A,2760.0
2023-01-04,West,Product_B,1353.0
2023-01-04,West,Product_C,1162.0
2023-01-04,West,Product_D,4255.0
2023-01-04,West,Product_E,3398.0
2023-01-05,North,Product_A,3792.0
2023-01-05,North,Product_B,2279.0
2023-01-05,North,Product_C,3780.0
2023-01-05,North,Product_D,2584.0
2023-01-05,North,Product_E,1703.0
2023-01-05,South,Product_A,4071.0
2023-01-05,South,Product_B,4350.0
2023-01-05,South,Product_C,3170.0
2023-01-05,South,Product_D,1859.0
2023-01-05,South,Product_E,1599.0
2023-01-05,West,Product_A,3229.0
2023-01-05,West,Product_B,1997.0
2023-01-05,West,Product_C,1667.0
2023-01-05,West,Product_D,4059.0
2023-01-05,West,Product_E,4408.0
2023-01-06,North,Product_A,4793.0
2023-01-06,North,Product_B,1255.0
2023-01-06,North,Product_C,2309.0
2023-01-06,North,Product_D,4707.0
2023-01-06,North,Product_E,4410.0
2023-01-06,South,Product_A,2240.0
2023-01-06,South,Product_B,2979.0
2023-01-06,South,Product_C,3369.0
2023-01-06,South,Product_D,1506.0
2023-01-06,South,Product_E,4353.0
2023-01-06,West,Product_A,4983.0
2023-01-06,West,Product_B,2174.0
2023-01-06,West,Product_C,4421.0
2023-01-06,West,Product_D,1489.0
2023-01-06,West,Product_E,3116.0
2023-01-07,North,Product_A,2380.0
2023-01-07,North,Product_B,2275.0
2023-01-07,North,Product_C,2233.0
2023-01-07,North,Product_D,4758.0
2023-01-07,North,Product_E,3505.0
2023-01-07,South,Product_A,2772.0
2023-01-07,South,Product_B,2638.0
2023-01-07,South,Product_C,3056.0
2023-01-07,South,Product_D,1952.0
2023-01-07,South,Product_E,1725.0
2023-01-07,West,Product_A,2060.0
2023-01-07,West,Product_B,2938.0
2023-01-07,West,Product_C,4855.0
2023-01-07,West,Product_D,4630.0
2023-01-07,West,Product_E,2353.0
2023-01-08,North,Product_A,3304.0
2023-01-08,North,Product_B,2851.0
2023-01-08,North,Product_C,1777.0
2023-01-08,North,Product_D,2117.0
2023-01-08,North,Product_E,4256.0
2023-01-08,South,Product_A,1914.0
2023-01-08,South,Product_B,1629.0
2023-01-08,South,Product_C,3110.0
2023-01-08,South,Product_D,3225.0
2023-01-08,South,Product_E,2176.0
2023-01-08,West,Product_A,2600.0
2023-01-08,West,Product_B,4111.0
2023-01-08,West,Product_C,4854.0
2023-01-08,West,Product_D,4235.0
2023-01-08,West,Product_E,1022.0
2023-01-09,North,Product_A,1539.0
2023-01-09,North,Product_B,3035.0
2023-01-09,North,Product_C,1589.0
2023-01-09,North,Product_D,2862.0
2023-01-09,North,Product_E,1819.0
2023-01-09,South,Product_A,3059.0
2023-01-09,South,Product_B,1146.0
2023-01-09,South,Product_C,2331.0
2023-01-09,South,Product_D,4112.0
2023-01-09,South,Product_E,2024.0
2023-01-09,West,Product_A,2460.0
2023-01-09,West,Product_B,3974.0
2023-01-09,West,Product_C,2493.0
2023-01-09,West,Product_D,4768.0
2023-01-09,West,Product_E,4194.0
2023-01-10,North,Product_A,1313.0
2023-01-10,North,Product_B,3879.0
2023-01-10,North,Product_C,3023.0
2023-01-10,North,Product_D,1824.0
2023-01-10,North,Product_E,1887.0
2023-01-10,South,Product_A,4549.0
2023-01-10,South,Product_B,3388.0
2023-01-10,South,Product_C,3286.0
2023-01-10,South,Product_D,2612.0
2023-01-10,South,Product_E,3193.0
2023-01-10,West,Product_A,4215.0
2023-01-10,West,Product_B,1079.0
2023-01-10,West,Product_C,1939.0
2023-01-10,West,Product_D,1198.0
2023-01-10,West,Product_E,1053.0
2023-01-11,North,Product_A,1627.0
2023-01-11,North,Product_B,1136.0
2023-01-11,North,Product_C,2447.0
2023-01-11,North,Product_D,2280.0
2023-01-11,North,Product_E,4122.0
2023-01-11,South,Product_A,2837.0
2023-01-11,South,Product_B,3068.0
2023-01-11,South,Product_C,4145.0
2023-01-11,South,Product_D,4734.0
2023-01-11,South,Product_E,3001.0
2023-01-11,West,Product_A,1528.0
2023-01-11,West,Product_B,1692.0
2023-01-11,West,Product_C,3405.0
2023-01-11,West,Product_D,2888.0
2023-01-11,West,Product_E,3763.0
2023-01-12,North,Product_A,2109.0
2023-01-12,North,Product_B,2106.0
2023-01-12,North,Product_C,1125.0
2023-01-12,North,Product_D,3582.0
2023-01-12,North,Product_E,2490.0
2023-01-12,South,Product_A,4138.0
2023-01-12,South,Product_B,4776.0
2023-01-12,South,Product_C,3758.0
2023-01-12,South,Product_D,2896.0
2023-01-12,South,Product_E,4276.0
2023-01-12,West,Product_A,2597.0
2023-01-12,West,Product_B,3301.0
2023-01-12,West,Product_C,4895.0
2023-01-12,West,Product_D,2835.0
2023-01-12,West,Product_E,2164.0
2023-01-13,North,Product_A,3062.0
2023-01-13,North,Product_B,4023.0
2023-01-13,North,Product_C,2133.0
2023-01-13,North,Product_D,3827.0
2023-01-13,North,Product_E,3605.0
2023-01-13,South,Product_A,3778.0
2023-01-13,South,Product_B,3588.0
2023-01-13,South,Product_C,4786.0
2023-01-13,South,Product_D,3650.0
2023-01-13,South,Product_E,3358.0
2023-01-13,West,Product_A,3237.0
2023-01-13,West,Product_B,1343.0
2023-01-13,West,Product_C,2497.0
2023-01-13,West,Product_D,3969.0
2023-01-13,West,Product_E,3915.0
2023-01-14,North,Product_A,2951.0
2023-01-14,North,Product_B,4624.0
2023-01-14,North,Product_C,4035.0
2023-01-14,North,Product_D,3597.0
2023-01-14,North,Product_E,1006.0
2023-01-14,South,Product_A,4140.0
2023-01-14,South,Product_B,3305.0
2023-01-14,South,Product_C,2058.0
2023-01-14,South,Product_D,4692.0
2023-01-14,South,Product_E,1864.0
2023-01-14,West,Product_A,2156.0
2023-01-14,West,Product_B,2185.0
2023-01-14,West,Product_C,4421.0
2023-01-14,West,Product_D,2318.0
2023-01-14,West,Product_E,2774.0
2023-01-15,North,Product_A,2794.0
2023-01-15,North,Product_B,3498.0
2023-01-15,North,Product_C,3028.0
2023-01-15,North,Product_D,1285.0
2023-01-15,North,Product_E,1438.0
2023-01-15,South,Product_A,4451.0
2023-01-15,South,Product_B,4912.0
2023-01-15,South,Product_C,1837.0
2023-01-15,South,Product_D,1332.0
2023-01-15,South,Product_E,4092.0
2023-01-15,West,Product_A,1129.0
2023-01-15,West,Product_B,1820.0
2023-01-15,West,Product_C,2402.0
2023-01-15,West,Product_D,2029.0
2023-01-15,West,Product_E,2439.0
2023-01-16,North,Product_A,3035.0
2023-01-16,North,Product_B,4782.0
2023-01-16,North,Product_C,3285.0
2023-01-16,North,Product_D,4131.0
2023-01-16,North,Product_E,2102.0
2023-01-16,South,Product_A,2684.0
2023-01-16,South,Product_B,3822.0
2023-01-16,South,Product_C,3645.0
2023-01-16,South,Product_D,2084.0
2023-01-16,South,Product_E,2680.0
2023-01-16,West,Product_A,2027.0
2023-01-16,West,Product_B,4086.0
2023-01-16,West,Product_C,3439.0
2023-01-16,West,Product_D,1906.0
2023-01-16,West,Product_E,1041.0
2023-01-17,North,Product_A,1060.0
2023-01-17,North,Product_B,3775.0
2023-01-17,North,Product_C,2290.0
2023-01-17,North,Product_D,1676.0
2023-01-17,North,Product_E,2932.0
2023-01-17,South,Product_A,4407.0
2023-01-17,South,Product_B,3946.0
2023-01-17,South,Product_C,2620.0
2023-01-17,South,Product_D,4716.0
2023-01-17,South,Product_E,1223.0
2023-01-17,West,Product_A,1498.0
2023-01-17,West,Product_B,2866.0
2023-01-17,West,Product_C,2660.0
2023-01-17,West,Product_D,3361.0
2023-01-17,West,Product_E,2149.0
2023-01-18,North,Product_A,4704.0
2023-01-18,North,Product_B,1952.0
2023-01-18,North,Product_C,2497.0
2023-01-18,North,Product_D,3575.0
2023-01-18,North,Product_E,2076.0
2023-01-18,South,Product_A,3254.0
2023-01-18,South,Product_B,1342.0
2023-01-18,South,Product_C,2365.0
2023-01-18,South,Product_D,2365.0
2023-01-18,South,Product_E,4146.0
2023-01-18,West,Product_A,3035.0
2023-01-18,West,Product_B,1960.0
2023-01-18,West,Product_C,1864.0
2023-01-18,West,Product_D,1926.0
2023-01-18,West,Product_E,2672.0
2023-01-19,North,Product_A,3650.0
2023-01-19,North,Product_B,3331.0
2023-01-19,North,Product_C,4217.0
2023-01-19,North,Product_D,3328.0
2023-01-19,North,Product_E,2534.0
2023-01-19,South,Product_A,4061.0
2023-01-19,South,Product_B,2012.0
2023-01-19,South,Product_C,2530.0
2023-01-19,South,Product_D,4273.0
2023-01-19,South,Product_E,1871.0
2023-01-19,West,Product_A,4525.0
2023-01-19,West,Product_B,1587.0
2023-01-19,West,Product_C,2214.0
2023-01-19,West,Product_D,4252.0
2023-01-19,West,Product_E,2629.0
2023-01-20,North,Product_A,4559.0
2023-01-20,North,Product_B,1946.0
2023-01-20,North,Product_C,1967.0
2023-01-20,North,Product_D,4324.0
2023-01-20,North,Product_E,3939.0
2023-01-20,South,Product_A,1812.0
2023-01-20,South,Product_B,1979.0
2023-01-20,South,Product_C,4525.0
2023-01-20,South,Product_D,3198.0
2023-01-20,South,Product_E,1003.0
2023-01-20,West,Product_A,2428.0
2023-01-20,West,Product_B,1683.0
2023-01-20,West,Product_C,4839.0
2023-01-20,West,Product_D,2962.0
2023-01-20,West,Product_E,1991.0
2023-01-21,North,Product_A,4004.0
2023-01-21,North,Product_B,4199.0
2023-01-21,North,Product_C,1303.0
2023-01-21,North,Product_D,3184.0
2023-01-21,North,Product_E,3280.0
2023-01-21,South,Product_A,2310.0
2023-01-21,South,Product_B,2676.0
2023-01-21,South,Product_C,2440.0
2023-01-21,South,Product_D,2640.0
2023-01-21,South,Product_E,4998.0
2023-01-21,West,Product_A,4486.0
2023-01-21,West,Product_B,4203.0
2023-01-21,West,Product_C,1737.0
2023-01-21,West,Product_D,4782.0
2023-01-21,West,Product_E,4947.0
2023-01-22,North,Product_A,3976.0
2023-01-22,North,Product_B,3740.0
2023-01-22,North,Product_C,4340.0
2023-01-22,North,Product_D,2341.0
2023-01-22,North,Product_E,2400.0
2023-01-22,South,Product_A,1440.0
2023-01-22,South,Product_B,4095.0
2023-01-22,South,Product_C,3690.0
2023-01-22,South,Product_D,4909.0
2023-01-22,South,Product_E,3551.0
2023-01-22,West,Product_A,4443.0
2023-01-22,West,Product_B,1874.0
2023-01-22,West,Product_C,3636.0
2023-01-22,West,Product_D,3843.0
2023-01-22,West,Product_E,2894.0
2023-01-23,North,Product_A,1029.0
2023-01-23,North,Product_B,3764.0
2023-01-23,North,Product_C,4826.0
2023-01-23,North,Product_D,3382.0
2023-01-23,North,Product_E,1255.0
2023-01-23,South,Product_A,1752.0
2023-01-23,South,Product_B,2316.0
2023-01-23,South,Product_C,3474.0
2023-01-23,South,Product_D,3425.0
2023-01-23,South,Product_E,2313.0
2023-01-23,West,Product_A,3160.0
2023-01-23,West,Product_B,4235.0
2023-01-23,West,Product_C,3515.0
2023-01-23,West,Product_D,1889.0
2023-01-23,West,Product_E,4088.0
2023-01-24,North,Product_A,4021.0
2023-01-24,North,Product_B,4589.0
2023-01-24,North,Product_C,2144.0
2023-01-24,North,Product_D,1240.0
2023-01-24,North,Product_E,1380.0
2023-01-24,South,Product_A,2227.0
2023-01-24,South,Product_B,4885.0
2023-01-24,South,Product_C,1015.0
2023-01-24,South,Product_D,3030.0
2023-01-24,South,Product_E,1890.0
2023-01-24,West,Product_A,3242.0
2023-01-24,West,Product_B,3509.0
2023-01-24,West,Product_C,1673.0
2023-01-24,West,Product_D,1870.0
2023-01-24,West,Product_E,4542.0
2023-01-25,North,Product_A,4799.0
2023-01-25,North,Product_B,2068.0
2023-01-25,North,Product_C,2583.0
2023-01-25,North,Product_D,1282.0
2023-01-25,North,Product_E,4632.0
2023-01-25,South,Product_A,3208.0
2023-01-25,South,Product_B,3631.0
2023-01-25,South,Product_C,2472.0
2023-01-25,South,Product_D,2183.0
2023-01-25,South,Product_E,2458.0
2023-01-25,West,Product_A,4148.0
2023-01-25,West,Product_B,4528.0
2023-01-25,West,Product_C,1180.0
2023-01-25,West,Product_D,4357.0
2023-01-25,West,Product_E,1548.0
2023-01-26,North,Product_A,1627.0
2023-01-26,North,Product_B,2083.0
2023-01-26,North,Product_C,4102.0
2023-01-26,North,Product_D,4060.0
2023-01-26,North,Product_E,1027.0
2023-01-26,South,Product_A,1646.0
2023-01-26,South,Product_B,1176.0
2023-01-26,South,Product_C,4838.0
2023-01-26,South,Product_D,4620.0
2023-01-26,South,Product_E,3704.0
2023-01-26,West,Product_A,1239.0
2023-01-26,West,Product_B,1738.0
2023-01-26,West,Product_C,3712.0
2023-01-26,West,Product_D,1237.0
2023-01-26,West,Product_E,1017.0
2023-01-27,North,Product_A,1876.0
2023-01-27,North,Product_B,1095.0
2023-01-27,North,Product_C,2530.0
2023-01-27,North,Product_D,1875.0
2023-01-27,North,Product_E,2412.0
2023-01-27,South,Product_A,3702.0
2023-01-27,South,Product_B,4407.0
2023-01-27,South,Product_C,3291.0
2023-01-27,South,Product_D,3731.0
2023-01-27,South,Product_E,2128.0
2023-01-27,West,Product_A,2639.0
2023-01-27,West,Product_B,3202.0
2023-01-27,West,Product_C,4725.0
2023-01-27,West,Product_D,3686.0
2023-01-27,West,Product_E,1530.0
2023-01-28,North,Product_A,3882.0
2023-01-28,North,Product_B,4836.0
2023-01-28,North,Product_C,4612.0
2023-01-28,North,Product_D,2244.0
2023-01-28,North,Product_E,1190.0
2023-01-28,South,Product_A,1199.0
2023-01-28,South,Product_B,1129.0
2023-01-28,South,Product_C,1298.0
2023-01-28,South,Product_D,4424.0
2023-01-28,South,Product_E,1632.0
2023-01-28,West,Product_A,2788.0
2023-01-28,West,Product_B,4053.0
2023-01-28,West,Product_C,4005.0
2023-01-28,West,Product_D,1139.0
2023-01-28,West,Product_E,3524.0
2023-01-29,North,Product_A,2651.0
2023-01-29,North,Product_B,1486.0
2023-01-29,North,Product_C,2470.0
2023-01-29,North,Product_D,1844.0
2023-01-29,North,Product_E,4688.0
2023-01-29,South,Product_A,1695.0
2023-01-29,South,Product_B,3700.0
2023-01-29,South,Product_C,3120.0
2023-01-29,South,Product_D,3579.0
2023-01-29,South,Product_E,4067.0
2023-01-29,West,Product_A,3548.0
2023-01-29,West,Product_B,2318.0
2023-01-29,West,Product_C,3676.0
2023-01-29,West,Product_D,2666.0
2023-01-29,West,Product_E,3029.0
2023-01-30,North,Product_A,4048.0
2023-01-30,North,Product_B,1435.0
2023-01-30,North,Product_C,3512.0
2023-01-30,North,Product_D,1829.0
2023-01-30,North,Product_E,2602.0
2023-01-30,South,Product_A,4371.0
2023-01-30,South,Product_B,4055.0
2023-01-30,South,Product_C,2940.0
2023-01-30,South,Product_D,2101.0
2023-01-30,South,Product_E,4303.0
2023-01-30,West,Product_A,3367.0
2023-01-30,West,Product_B,3296.0
2023-01-30,West,Product_C,1293.0
2023-01-30,West,Product_D,4792.0
2023-01-30,West,Product_E,3256.0
2023-01-31,North,Product_A,3945.0
2023-01-31,North,Product_B,3401.0
2023-01-31,North,Product_C,2242.0
2023-01-31,North,Product_D,4124.0
2023-01-31,North,Product_E,2222.0
2023-01-31,South,Product_A,1255.0
2023-01-31,South,Product_B,3921.0
2023-01-31,South,Product_C,2880.0
2023-01-31,South,Product_D,4867.0
2023-01-31,South,Product_E,4997.0
2023-01-31,West,Product_A,2060.0
2023-01-31,West,Product_B,4598.0
2023-01-31,West,Product_C,4307.0
2023-01-31,West,Product_D,4901.0
2023-01-31,West,Product_E,1044.0
2023-02-01,North,Product_A,2828.0
2023-02-01,North,Product_B,3865.0
2023-02-01,North,Product_C,4085.0
2023-02-01,North,Product_D,1058.0
2023-02-01,North,Product_E,1865.0
2023-02-01,South,Product_A,3012.0
2023-02-01,South,Product_B,3237.0
2023-02-01,South,Product_C,2651.0
2023-02-01,South,Product_D,2463.0
2023-02-01,South,Product_E,2733.0
2023-02-01,West,Product_A,3379.0
2023-02-01,West,Product_B,2800.0
2023-02-01,West,Product_C,4968.0
2023-02-01,West,Product_D,1099.0
2023-02-01,West,Product_E,1414.0
2023-02-02,North,Product_A,4842.0
2023-02-02,North,Product_B,2420.0
2023-02-02,North,Product_C,4437.0
2023-02-02,North,Product_D,1006.0
2023-02-02,North,Product_E,2761.0
2023-02-02,South,Product_A,1690.0
2023-02-02,South,Product_B,1835.0
2023-02-02,South,Product_C,1061.0
2023-02-02,South,Product_D,2754.0
2023-02-02,South,Product_E,1478.0
2023-02-02,West,Product_A,2117.0
2023-02-02,West,Product_B,3717.0
2023-02-02,West,Product_C,4040.0
2023-02-02,West,Product_D,3070.0
2023-02-02,West,Product_E,2854.0
2023-02-03,North,Product_A,4570.0
2023-02-03,North,Product_B,3552.0
2023-02-03,North,Product_C,3838.0
2023-02-03,North,Product_D,2557.0
2023-02-03,North,Product_E,2520.0
2023-02-03,South,Product_A,3407.0
2023-02-03,South,Product_B,2748.0
2023-02-03,South,Product_C,3351.0
2023-02-03,South,Product_D,4407.0
2023-02-03,South,Product_E,1150.0
2023-02-03,West,Product_A,1020.0
2023-02-03,West,Product_B,4406.0
2023-02-03,West,Product_C,4659.0
2023-02-03,West,Product_D,4691.0
2023-02-03,West,Product_E,3827.0
2023-02-04,North,Product_A,1055.0
2023-02-04,North,Product_B,2801.0
2023-02-04,North,Product_C,3651.0
2023-02-04,North,Product_D,2590.0
2023-02-04,North,Product_E,3246.0
2023-02-04,South,Product_A,4440.0
2023-02-04,South,Product_B,2407.0
2023-02-04,South,Product_C,1005.0
2023-02-04,South,Product_D,3698.0
2023-02-04,South,Product_E,4488.0
2023-02-04,West,Product_A,2034.0
2023-02-04,West,Product_B,4227.0
2023-02-04,West,Product_C,2029.0
2023-02-04,West,Product_D,2278.0
2023-02-04,West,Product_E,3591.0
2023-02-05,North,Product_A,4386.0
2023-02-05,North,Product_B,1222.0
2023-02-05,North,Product_C,4238.0
2023-02-05,North,Product_D,4555.0
2023-02-05,North,Product_E,1279.0
2023-02-05,South,Product_A,3489.0
2023-02-05,South,Product_B,3806.0
2023-02-05,South,Product_C,3734.0
2023-02-05,South,Product_D,2795.0
2023-02-05,South,Product_E,1613.0
2023-02-05,West,Product_A,4462.0
2023-02-05,West,Product_B,1703.0
2023-02-05,West,Product_C,3204.0
2023-02-05,West,Product_D,2853.0
2023-02-05,West,Product_E,3489.0
2023-02-06,North,Product_A,1853.0
2023-02-06,North,Product_B,2455.0
2023-02-06,North,Product_C,2196.0
2023-02-06,North,Product_D,1849.0
2023-02-06,North,Product_E,4040.0
2023-02-06,South,Product_A,3903.0
2023-02-06,South,Product_B,3084.0
2023-02-06,South,Product_C,2844.0
2023-02-06,South,Product_D,1287.0
2023-02-06,South,Product_E,1085.0
2023-02-06,West,Product_A,1158.0
2023-02-06,West,Product_B,
2023-02-06,West,Product_C,1524.0
2023-02-06,West,Product_D,4150.0
2023-02-06,West,Product_E,4908.0
2023-02-07,North,Product_A,1929.0
2023-02-07,North,Product_B,4321.0
2023-02-07,North,Product_C,2472.0
2023-02-07,North,Product_D,4429.0
2023-02-07,North,Product_E,4134.0
2023-02-07,South,Product_A,4595.0
2023-02-07,South,Product_B,1826.0
2023-02-07,South,Product_C,4789.0
2023-02-07,South,Product_D,1673.0
2023-02-07,South,Product_E,3476.0
2023-02-07,West,Product_A,1116.0
2023-02-07,West,Product_B,4699.0
2023-02-07,West,Product_C,3235.0
2023-02-07,West,Product_D,3735.0
2023-02-07,West,Product_E,1903.0
2023-02-08,North,Product_A,1455.0
2023-02-08,North,Product_B,3132.0
2023-02-08,North,Product_C,4102.0
2023-02-08,North,Product_D,3150.0
2023-02-08,North,Product_E,3525.0
2023-02-08,South,Product_A,2382.0
2023-02-08,South,Product_B,4782.0
2023-02-08,South,Product_C,2832.0
2023-02-08,South,Product_D,4822.0
2023-02-08,South,Product_E,1513.0
2023-02-08,West,Product_A,3119.0
2023-02-08,West,Product_B,1467.0
2023-02-08,West,Product_C,4982.0
2023-02-08,West,Product_D,2385.0
2023-02-08,West,Product_E,4155.0
2023-02-09,North,Product_A,2286.0
2023-02-09,North,Product_B,2000.0
2023-02-09,North,Product_C,4215.0
2023-02-09,North,Product_D,1575.0
2023-02-09,North,Product_E,2448.0
2023-02-09,South,Product_A,4528.0
2023-02-09,South,Product_B,3021.0
2023-02-09,South,Product_C,3988.0
2023-02-09,South,Product_D,3456.0
2023-02-09,South,Product_E,2639.0
2023-02-09,West,Product_A,1667.0
2023-02-09,West,Product_B,3935.0
2023-02-09,West,Product_C,3049.0
2023-02-09,West,Product_D,1717.0
2023-02-09,West,Product_E,3872.0
2023-02-10,North,Product_A,4778.0
2023-02-10,North,Product_B,2946.0
2023-02-10,North,Product_C,1866.0
2023-02-10,North,Product_D,1668.0
2023-02-10,North,Product_E,3754.0
2023-02-10,South,Product_A,4480.0
2023-02-10,South,Product_B,3048.0
2023-02-10,South,Product_C,
2023-02-10,South,Product_D,1582.0
2023-02-10,South,Product_E,1455.0
2023-02-10,West,Product_A,1092.0
2023-02-10,West,Product_B,1184.0
2023-02-10,West,Product_C,1971.0
2023-02-10,West,Product_D,3398.0
2023-02-10,West,Product_E,2098.0
2023-02-11,North,Product_A,3259.0
2023-02-11,North,Product_B,3225.0
2023-02-11,North,Product_C,3088.0
2023-02-11,North,Product_D,4841.0
2023-02-11,North,Product_E,2831.0
2023-02-11,South,Product_A,1099.0
2023-02-11,South,Product_B,2610.0
2023-02-11,South,Product_C,
2023-02-11,South,Product_D,4544.0
2023-02-11,South,Product_E,3084.0
2023-02-11,West,Product_A,4489.0
2023-02-11,West,Product_B,2612.0
2023-02-11,West,Product_C,3007.0
2023-02-11,West,Product_D,1298.0
2023-02-11,West,Product_E,3846.0
2023-02-12,North,Product_A,3464.0
2023-02-12,North,Product_B,4703.0
2023-02-12,North,Product_C,2081.0
2023-02-12,North,Product_D,2875.0
2023-02-12,North,Product_E,4702.0
2023-02-12,South,Product_A,3240.0
2023-02-12,South,Product_B,1281.0
2023-02-12,South,Product_C,4167.0
2023-02-12,South,Product_D,4694.0
2023-02-12,South,Product_E,4407.0
2023-02-12,West,Product_A,2207.0
2023-02-12,West,Product_B,1667.0
2023-02-12,West,Product_C,2600.0
2023-02-12,West,Product_D,3324.0
2023-02-12,West,Product_E,3492.0
2023-02-13,North,Product_A,2536.0
2023-02-13,North,Product_B,4923.0
2023-02-13,North,Product_C,4858.0
2023-02-13,North,Product_D,1351.0
2023-02-13,North,Product_E,1134.0
2023-02-13,South,Product_A,2223.0
2023-02-13,South,Product_B,3047.0
2023-02-13,South,Product_C,3524.0
2023-02-13,South,Product_D,4087.0
2023-02-13,South,Product_E,2651.0
2023-02-13,West,Product_A,3704.0
2023-02-13,West,Product_B,2123.0
2023-02-13,West,Product_C,4366.0
2023-02-13,West,Product_D,2848.0
2023-02-13,West,Product_E,4247.0
2023-02-14,North,Product_A,4036.0
2023-02-14,North,Product_B,2604.0
2023-02-14,North,Product_C,3038.0
2023-02-14,North,Product_D,3422.0
2023-02-14,North,Product_E,2328.0
2023-02-14,South,Product_A,2450.0
2023-02-14,South,Product_B,4714.0
2023-02-14,South,Product_C,2413.0
2023-02-14,South,Product_D,4027.0
2023-02-14,South,Product_E,2569.0
2023-02-14,West,Product_A,2830.0
2023-02-14,West,Product_B,4260.0
2023-02-14,West,Product_C,3968.0
2023-02-14,West,Product_D,1980.0
2023-02-14,West,Product_E,3521.0
2023-02-15,North,Product_A,4929.0
2023-02-15,North,Product_B,3827.0
2023-02-15,North,Product_C,2145.0
2023-02-15,North,Product_D,2898.0
2023-02-15,North,Product_E,4115.0
2023-02-15,South,Product_A,1729.0
2023-02-15,South,Product_B,3606.0
2023-02-15,South,Product_C,1569.0
2023-02-15,South,Product_D,2088.0
2023-02-15,South,Product_E,4642.0
2023-02-15,West,Product_A,1119.0
2023-02-15,West,Product_B,1718.0
2023-02-15,West,Product_C,3998.0
2023-02-15,West,Product_D,3681.0
2023-02-15,West,Product_E,2167.0
2023-02-16,North,Product_A,4624.0
2023-02-16,North,Product_B,2645.0
2023-02-16,North,Product_C,1896.0
2023-02-16,North,Product_D,3773.0
2023-02-16,North,Product_E,2211.0
2023-02-16,South,Product_A,3642.0
2023-02-16,South,Product_B,2694.0
2023-02-16,South,Product_C,1374.0
2023-02-16,South,Product_D,1305.0
2023-02-16,South,Product_E,2048.0
2023-02-16,West,Product_A,4538.0
2023-02-16,West,Product_B,3067.0
2023-02-16,West,Product_C,1870.0
2023-02-16,West,Product_D,2149.0
2023-02-16,West,Product_E,3109.0
2023-02-17,North,Product_A,4603.0
2023-02-17,North,Product_B,3539.0
2023-02-17,North,Product_C,2996.0
2023-02-17,North,Product_D,3555.0
2023-02-17,North,Product_E,3185.0
2023-02-17,South,Product_A,4731.0
2023-02-17,South,Product_B,1883.0
2023-02-17,South,Product_C,2987.0
2023-02-17,South,Product_D,2745.0
2023-02-17,South,Product_E,3560.0
2023-02-17,West,Product_A,1763.0
2023-02-17,West,Product_B,2737.0
2023-02-17,West,Product_C,1183.0
2023-02-17,West,Product_D,2673.0
2023-02-17,West,Product_E,2264.0
2023-02-18,North,Product_A,1589.0
2023-02-18,North,Product_B,3334.0
2023-02-18,North,Product_C,2087.0
2023-02-18,North,Product_D,1664.0
2023-02-18,North,Product_E,2684.0
2023-02-18,South,Product_A,3608.0
2023-02-18,South,Product_B,1624.0
2023-02-18,South,Product_C,3782.0
2023-02-18,South,Product_D,1179.0
2023-02-18,South,Product_E,1528.0
2023-02-18,West,Product_A,1040.0
2023-02-18,West,Product_B,2126.0
2023-02-18,West,Product_C,1070.0
2023-02-18,West,Product_D,4690.0
2023-02-18,West,Product_E,1348.0
2023-02-19,North,Product_A,4380.0
2023-02-19,North,Product_B,100.0
2023-02-19,North,Product_C,1396.0
2023-02-19,North,Product_D,1688.0
2023-02-19,North,Product_E,1581.0
2023-02-19,South,Product_A,4453.0
2023-02-19,South,Product_B,3144.0
2023-02-19,South,Product_C,1105.0
2023-02-19,South,Product_D,4356.0
2023-02-19,South,Product_E,2956.0
2023-02-19,West,Product_A,2253.0
2023-02-19,West,Product_B,4470.0
2023-02-19,West,Product_C,4442.0
2023-02-19,West,Product_D,4038.0
2023-02-19,West,Product_E,2505.0
2023-02-20,North,Product_A,3876.0
2023-02-20,North,Product_B,1576.0
2023-02-20,North,Product_C,1408.0
2023-02-20,North,Product_D,3745.0
2023-02-20,North,Product_E,4185.0
2023-02-20,South,Product_A,1752.0
2023-02-20,South,Product_B,1661.0
2023-02-20,South,Product_C,2411.0
2023-02-20,South,Product_D,4742.0
2023-02-20,South,Product_E,1517.0
2023-02-20,West,Product_A,3837.0
2023-02-20,West,Product_B,2480.0
2023-02-20,West,Product_C,4338.0
2023-02-20,West,Product_D,4846.0
2023-02-20,West,Product_E,4401.0
2023-02-21,North,Product_A,4063.0
2023-02-21,North,Product_B,3238.0
2023-02-21,North,Product_C,4314.0
2023-02-21,North,Product_D,3688.0
2023-02-21,North,Product_E,3336.0
2023-02-21,South,Product_A,2449.0
2023-02-21,South,Product_B,2316.0
2023-02-21,South,Product_C,2843.0
2023-02-21,South,Product_D,3444.0
2023-02-21,South,Product_E,4566.0
2023-02-21,West,Product_A,1128.0
2023-02-21,West,Product_B,1925.0
2023-02-21,West,Product_C,2064.0
2023-02-21,West,Product_D,4593.0
2023-02-21,West,Product_E,3370.0
2023-02-22,North,Product_A,2838.0
2023-02-22,North,Product_B,1766.0
2023-02-22,North,Product_C,3415.0
2023-02-22,North,Product_D,3073.0
2023-02-22,North,Product_E,1589.0
2023-02-22,South,Product_A,4265.0
2023-02-22,South,Product_B,2597.0
2023-02-22,South,Product_C,4760.0
2023-02-22,South,Product_D,2818.0
2023-02-22,South,Product_E,1532.0
2023-02-22,West,Product_A,3760.0
2023-02-22,West,Product_B,1750.0
2023-02-22,West,Product_C,1710.0
2023-02-22,West,Product_D,4925.0
2023-02-22,West,Product_E,1201.0
2023-02-23,North,Product_A,4252.0
2023-02-23,North,Product_B,1653.0
2023-02-23,North,Product_C,3558.0
2023-02-23,North,Product_D,3061.0
2023-02-23,North,Product_E,3846.0
2023-02-23,South,Product_A,1958.0
2023-02-23,South,Product_B,3778.0
2023-02-23,South,Product_C,4483.0
2023-02-23,South,Product_D,4481.0
2023-02-23,South,Product_E,3393.0
2023-02-23,West,Product_A,4904.0
2023-02-23,West,Product_B,3709.0
2023-02-23,West,Product_C,3143.0
2023-02-23,West,Product_D,2710.0
2023-02-23,West,Product_E,4921.0
2023-02-24,North,Product_A,1945.0
2023-02-24,North,Product_B,3315.0
2023-02-24,North,Product_C,4767.0
2023-02-24,North,Product_D,2620.0
2023-02-24,North,Product_E,1458.0
2023-02-24,South,Product_A,1752.0
2023-02-24,South,Product_B,2635.0
2023-02-24,South,Product_C,4704.0
2023-02-24,South,Product_D,2103.0
2023-02-24,South,Product_E,4145.0
2023-02-24,West,Product_A,4106.0
2023-02-24,West,Product_B,3536.0
2023-02-24,West,Product_C,1572.0
2023-02-24,West,Product_D,3792.0
2023-02-24,West,Product_E,3373.0
2023-02-25,North,Product_A,1962.0
2023-02-25,North,Product_B,3153.0
2023-02-25,North,Product_C,4542.0
2023-02-25,North,Product_D,3691.0
2023-02-25,North,Product_E,3392.0
2023-02-25,South,Product_A,3955.0
2023-02-25,South,Product_B,4007.0
2023-02-25,South,Product_C,2747.0
2023-02-25,South,Product_D,4263.0
2023-02-25,South,Product_E,4387.0
2023-02-25,West,Product_A,1861.0
2023-02-25,West,Product_B,1270.0
2023-02-25,West,Product_C,4406.0
2023-02-25,West,Product_D,4067.0
2023-02-25,West,Product_E,2671.0
2023-02-26,North,Product_A,3831.0
2023-02-26,North,Product_B,2480.0
2023-02-26,North,Product_C,2944.0
2023-02-26,North,Product_D,3014.0
2023-02-26,North,Product_E,2096.0
2023-02-26,South,Product_A,4394.0
2023-02-26,South,Product_B,3295.0
2023-02-26,South,Product_C,2139.0
2023-02-26,South,Product_D,4869.0
2023-02-26,South,Product_E,4118.0
2023-02-26,West,Product_A,1347.0
2023-02-26,West,Product_B,3446.0
2023-02-26,West,Product_C,3366.0
2023-02-26,West,Product_D,1880.0
2023-02-26,West,Product_E,1771.0
2023-02-27,North,Product_A,4026.0
2023-02-27,North,Product_B,3277.0
2023-02-27,North,Product_C,4123.0
2023-02-27,North,Product_D,3276.0
2023-02-27,North,Product_E,3218.0
2023-02-27,South,Product_A,4131.0
2023-02-27,South,Product_B,1237.0
2023-02-27,South,Product_C,4121.0
2023-02-27,South,Product_D,1755.0
2023-02-27,South,Product_E,3216.0
2023-02-27,West,Product_A,3618.0
2023-02-27,West,Product_B,4365.0
2023-02-27,West,Product_C,4172.0
2023-02-27,West,Product_D,1973.0
2023-02-27,West,Product_E,1400.0
2023-02-28,North,Product_A,2065.0
2023-02-28,North,Product_B,2414.0
2023-02-28,North,Product_C,3891.0
2023-02-28,North,Product_D,3928.0
2023-02-28,North,Product_E,3587.0
2023-02-28,South,Product_A,2267.0
2023-02-28,South,Product_B,1263.0
2023-02-28,South,Product_C,4162.0
2023-02-28,South,Product_D,2537.0
2023-02-28,South,Product_E,4925.0
2023-02-28,West,Product_A,4473.0
2023-02-28,West,Product_B,2027.0
2023-02-28,West,Product_C,4220.0
2023-02-28,West,Product_D,1073.0
2023-02-28,West,Product_E,2012.0
2023-03-01,North,Product_A,3169.0
2023-03-01,North,Product_B,1417.0
2023-03-01,North,Product_C,3522.0
2023-03-01,North,Product_D,3995.0
2023-03-01,North,Product_E,1815.0
2023-03-01,South,Product_A,2217.0
2023-03-01,South,Product_B,1938.0
2023-03-01,South,Product_C,3506.0
2023-03-01,South,Product_D,1891.0
2023-03-01,South,Product_E,4221.0
2023-03-01,West,Product_A,4495.0
2023-03-01,West,Product_B,3397.0
2023-03-01,West,Product_C,3951.0
2023-03-01,West,Product_D,4701.0
2023-03-01,West,Product_E,10000.0
2023-03-02,North,Product_A,2654.0
2023-03-02,North,Product_B,1191.0
2023-03-02,North,Product_C,1097.0
2023-03-02,North,Product_D,3504.0
2023-03-02,North,Product_E,1674.0
2023-03-02,South,Product_A,1880.0
2023-03-02,South,Product_B,4442.0
2023-03-02,South,Product_C,2173.0
2023-03-02,South,Product_D,3543.0
2023-03-02,South,Product_E,3607.0
2023-03-02,West,Product_A,1319.0
2023-03-02,West,Product_B,4087.0
2023-03-02,West,Product_C,2078.0
2023-03-02,West,Product_D,1272.0
2023-03-02,West,Product_E,2104.0
2023-03-03,North,Product_A,3106.0
2023-03-03,North,Product_B,4045.0
2023-03-03,North,Product_C,2115.0
2023-03-03,North,Product_D,4731.0
2023-03-03,North,Product_E,2785.0
2023-03-03,South,Product_A,4694.0
2023-03-03,South,Product_B,2018.0
2023-03-03,South,Product_C,2727.0
2023-03-03,South,Product_D,3615.0
2023-03-03,South,Product_E,2945.0
2023-03-03,West,Product_A,2038.0
2023-03-03,West,Product_B,2113.0
2023-03-03,West,Product_C,3168.0
2023-03-03,West,Product_D,3160.0
2023-03-03,West,Product_E,2688.0
2023-03-04,North,Product_A,3084.0
2023-03-04,North,Product_B,3451.0
2023-03-04,North,Product_C,1167.0
2023-03-04,North,Product_D,4974.0
2023-03-04,North,Product_E,3491.0
2023-03-04,South,Product_A,4715.0
2023-03-04,South,Product_B,3825.0
2023-03-04,South,Product_C,4601.0
2023-03-04,South,Product_D,3881.0
2023-03-04,South,Product_E,3174.0
2023-03-04,West,Product_A,100.0
2023-03-04,West,Product_B,1070.0
2023-03-04,West,Product_C,3691.0
2023-03-04,West,Product_D,4683.0
2023-03-04,West,Product_E,4597.0
2023-03-05,North,Product_A,4042.0
2023-03-05,North,Product_B,2597.0
2023-03-05,North,Product_C,4343.0
2023-03-05,North,Product_D,3201.0
2023-03-05,North,Product_E,1146.0
2023-03-05,South,Product_A,1199.0
2023-03-05,South,Product_B,4235.0
2023-03-05,South,Product_C,1217.0
2023-03-05,South,Product_D,2338.0
2023-03-05,South,Product_E,4364.0
2023-03-05,West,Product_A,1942.0
2023-03-05,West,Product_B,2029.0
2023-03-05,West,Product_C,4129.0
2023-03-05,West,Product_D,3708.0
2023-03-05,West,Product_E,4715.0
2023-03-06,North,Product_A,1917.0
2023-03-06,North,Product_B,1143.0
2023-03-06,North,Product_C,3252.0
2023-03-06,North,Product_D,2449.0
2023-03-06,North,Product_E,3478.0
2023-03-06,South,Product_A,2691.0
2023-03-06,South,Product_B,2268.0
2023-03-06,South,Product_C,1373.0
2023-03-06,South,Product_D,1419.0
2023-03-06,South,Product_E,4634.0
2023-03-06,West,Product_A,2991.0
2023-03-06,West,Product_B,3480.0
2023-03-06,West,Product_C,2511.0
2023-03-06,West,Product_D,1951.0
2023-03-06,West,Product_E,4807.0
2023-03-07,North,Product_A,2892.0
2023-03-07,North,Product_B,1488.0
2023-03-07,North,Product_C,2615.0
2023-03-07,North,Product_D,3205.0
2023-03-07,North,Product_E,1366.0
2023-03-07,South,Product_A,2538.0
2023-03-07,South,Product_B,4098.0
2023-03-07,South,Product_C,3058.0
2023-03-07,South,Product_D,2555.0
2023-03-07,South,Product_E,2643.0
2023-03-07,West,Product_A,4741.0
2023-03-07,West,Product_B,3562.0
2023-03-07,West,Product_C,1781.0
2023-03-07,West,Product_D,3721.0
2023-03-07,West,Product_E,1143.0
2023-03-08,North,Product_A,4723.0
2023-03-08,North,Product_B,1259.0
2023-03-08,North,Product_C,2554.0
2023-03-08,North,Product_D,3844.0
2023-03-08,North,Product_E,1347.0
2023-03-08,South,Product_A,4631.0
2023-03-08,South,Product_B,1217.0
2023-03-08,South,Product_C,3278.0
2023-03-08,South,Product_D,2343.0
2023-03-08,South,Product_E,1567.0
2023-03-08,West,Product_A,2084.0
2023-03-08,West,Product_B,3806.0
2023-03-08,West,Product_C,3210.0
2023-03-08,West,Product_D,3454.0
2023-03-08,West,Product_E,2202.0
2023-03-09,North,Product_A,2023.0
2023-03-09,North,Product_B,3892.0
2023-03-09,North,Product_C,2920.0
2023-03-09,North,Product_D,3341.0
2023-03-09,North,Product_E,4672.0
2023-03-09,South,Product_A,2996.0
2023-03-09,South,Product_B,1323.0
2023-03-09,South,Product_C,3389.0
2023-03-09,South,Product_D,4929.0
2023-03-09,South,Product_E,1376.0
2023-03-09,West,Product_A,2357.0
2023-03-09,West,Product_B,2090.0
2023-03-09,West,Product_C,3141.0
2023-03-09,West,Product_D,2480.0
2023-03-09,West,Product_E,3480.0
2023-03-10,North,Product_A,1877.0
2023-03-10,North,Product_B,2001.0
2023-03-10,North,Product_C,2313.0
2023-03-10,North,Product_D,2772.0
2023-03-10,North,Product_E,4364.0
2023-03-10,South,Product_A,2918.0
2023-03-10,South,Product_B,1363.0
2023-03-10,South,Product_C,4925.0
2023-03-10,South,Product_D,3197.0
2023-03-10,South,Product_E,2070.0
2023-03-10,West,Product_A,2851.0
2023-03-10,West,Product_B,1929.0
2023-03-10,West,Product_C,
2023-03-10,West,Product_D,2369.0
2023-03-10,West,Product_E,3087.0
2023-03-11,North,Product_A,3044.0
2023-03-11,North,Product_B,3969.0
2023-03-11,North,Product_C,2764.0
2023-03-11,North,Product_D,2170.0
2023-03-11,North,Product_E,2030.0
2023-03-11,South,Product_A,4871.0
2023-03-11,South,Product_B,4824.0
2023-03-11,South,Product_C,4233.0
2023-03-11,South,Product_D,3984.0
2023-03-11,South,Product_E,2708.0
2023-03-11,West,Product_A,1809.0
2023-03-11,West,Product_B,3950.0
2023-03-11,West,Product_C,1992.0
2023-03-11,West,Product_D,3173.0
2023-03-11,West,Product_E,1328.0
2023-03-12,North,Product_A,3436.0
2023-03-12,North,Product_B,4416.0
2023-03-12,North,Product_C,2679.0
2023-03-12,North,Product_D,3607.0
2023-03-12,North,Product_E,4687.0
2023-03-12,South,Product_A,3994.0
2023-03-12,South,Product_B,1305.0
2023-03-12,South,Product_C,3611.0
2023-03-12,South,Product_D,2434.0
2023-03-12,South,Product_E,3002.0
2023-03-12,West,Product_A,2164.0
2023-03-12,West,Product_B,4188.0
2023-03-12,West,Product_C,2026.0
2023-03-12,West,Product_D,3824.0
2023-03-12,West,Product_E,3528.0
2023-03-13,North,Product_A,2218.0
2023-03-13,North,Product_B,3559.0
2023-03-13,North,Product_C,3414.0
2023-03-13,North,Product_D,3971.0
2023-03-13,North,Product_E,4439.0
2023-03-13,South,Product_A,1734.0
2023-03-13,South,Product_B,4030.0
2023-03-13,South,Product_C,4154.0
2023-03-13,South,Product_D,4837.0
2023-03-13,South,Product_E,3893.0
2023-03-13,West,Product_A,4350.0
2023-03-13,West,Product_B,4367.0
2023-03-13,West,Product_C,1356.0
2023-03-13,West,Product_D,4078.0
2023-03-13,West,Product_E,3673.0
2023-03-14,North,Product_A,1431.0
2023-03-14,North,Product_B,1215.0
2023-03-14,North,Product_C,4715.0
2023-03-14,North,Product_D,1678.0
2023-03-14,North,Product_E,1637.0
2023-03-14,South,Product_A,3228.0
2023-03-14,South,Product_B,2717.0
2023-03-14,South,Product_C,1505.0
2023-03-14,South,Product_D,2144.0
2023-03-14,South,Product_E,2560.0
2023-03-14,West,Product_A,4117.0
2023-03-14,West,Product_B,3161.0
2023-03-14,West,Product_C,4271.0
2023-03-14,West,Product_D,2421.0
2023-03-14,West,Product_E,1284.0
2023-03-15,North,Product_A,4498.0
2023-03-15,North,Product_B,1533.0
2023-03-15,North,Product_C,4043.0
2023-03-15,North,Product_D,1272.0
2023-03-15,North,Product_E,3897.0
2023-03-15,South,Product_A,
2023-03-15,South,Product_B,1524.0
2023-03-15,South,Product_C,1083.0
2023-03-15,South,Product_D,3442.0
2023-03-15,South,Product_E,4565.0
2023-03-15,West,Product_A,1665.0
2023-03-15,West,Product_B,2573.0
2023-03-15,West,Product_C,1103.0
2023-03-15,West,Product_D,3976.0
2023-03-15,West,Product_E,2024.0
2023-03-16,North,Product_A,3417.0
2023-03-16,North,Product_B,4915.0
2023-03-16,North,Product_C,3109.0
2023-03-16,North,Product_D,4757.0
2023-03-16,North,Product_E,4761.0
2023-03-16,South,Product_A,3109.0
2023-03-16,South,Product_B,4425.0
2023-03-16,South,Product_C,1369.0
2023-03-16,South,Product_D,4024.0
2023-03-16,South,Product_E,4440.0
2023-03-16,West,Product_A,2326.0
2023-03-16,West,Product_B,4155.0
2023-03-16,West,Product_C,4224.0
2023-03-16,West,Product_D,2207.0
2023-03-16,West,Product_E,4657.0
2023-03-17,North,Product_A,1860.0
2023-03-17,North,Product_B,4997.0
2023-03-17,North,Product_C,2119.0
2023-03-17,North,Product_D,4951.0
2023-03-17,North,Product_E,4712.0
2023-03-17,South,Product_A,3451.0
2023-03-17,South,Product_B,2314.0
2023-03-17,South,Product_C,1873.0
2023-03-17,South,Product_D,1583.0
2023-03-17,South,Product_E,4500.0
2023-03-17,West,Product_A,4839.0
2023-03-17,West,Product_B,3501.0
2023-03-17,West,Product_C,3460.0
2023-03-17,West,Product_D,1217.0
2023-03-17,West,Product_E,2527.0
2023-03-18,North,Product_A,1763.0
2023-03-18,North,Product_B,3237.0
2023-03-18,North,Product_C,2252.0
2023-03-18,North,Product_D,2698.0
2023-03-18,North,Product_E,4465.0
2023-03-18,South,Product_A,1902.0
2023-03-18,South,Product_B,1617.0
2023-03-18,South,Product_C,3871.0
2023-03-18,South,Product_D,1151.0
2023-03-18,South,Product_E,1508.0
2023-03-18,West,Product_A,4026.0
2023-03-18,West,Product_B,1267.0
2023-03-18,West,Product_C,2758.0
2023-03-18,West,Product_D,4946.0
2023-03-18,West,Product_E,2369.0
2023-03-19,North,Product_A,3957.0
2023-03-19,North,Product_B,1185.0
2023-03-19,North,Product_C,3817.0
2023-03-19,North,Product_D,1234.0
2023-03-19,North,Product_E,3532.0
2023-03-19,South,Product_A,4857.0
2023-03-19,South,Product_B,3961.0
2023-03-19,South,Product_C,4140.0
2023-03-19,South,Product_D,2110.0
2023-03-19,South,Product_E,1502.0
2023-03-19,West,Product_A,4548.0
2023-03-19,West,Product_B,2548.0
2023-03-19,West,Product_C,3990.0
2023-03-19,West,Product_D,1903.0
2023-03-19,West,Product_E,1182.0
2023-03-20,North,Product_A,1455.0
2023-03-20,North,Product_B,2270.0
2023-03-20,North,Product_C,2684.0
2023-03-20,North,Product_D,2854.0
2023-03-20,North,Product_E,10000.0
2023-03-20,South,Product_A,2845.0
2023-03-20,South,Product_B,2222.0
2023-03-20,South,Product_C,3158.0
2023-03-20,South,Product_D,4078.0
2023-03-20,South,Product_E,1524.0
2023-03-20,West,Product_A,1144.0
2023-03-20,West,Product_B,3948.0
2023-03-20,West,Product_C,1194.0
2023-03-20,West,Product_D,1161.0
2023-03-20,West,Product_E,1439.0
2023-03-21,North,Product_A,2947.0
2023-03-21,North,Product_B,4296.0
2023-03-21,North,Product_C,3221.0
2023-03-21,North,Product_D,3775.0
2023-03-21,North,Product_E,2799.0
2023-03-21,South,Product_A,2256.0
2023-03-21,South,Product_B,4291.0
2023-03-21,South,Product_C,4405.0
2023-03-21,South,Product_D,4233.0
2023-03-21,South,Product_E,3779.0
2023-03-21,West,Product_A,1432.0
2023-03-21,West,Product_B,4677.0
2023-03-21,West,Product_C,3116.0
2023-03-21,West,Product_D,2656.0
2023-03-21,West,Product_E,2993.0
2023-03-22,North,Product_A,3572.0
2023-03-22,North,Product_B,3528.0
2023-03-22,North,Product_C,3165.0
2023-03-22,North,Product_D,2044.0
2023-03-22,North,Product_E,2515.0
2023-03-22,South,Product_A,2573.0
2023-03-22,South,Product_B,3233.0
2023-03-22,South,Product_C,1165.0
2023-03-22,South,Product_D,2976.0
2023-03-22,South,Product_E,1181.0
2023-03-22,West,Product_A,2867.0
2023-03-22,West,Product_B,3370.0
2023-03-22,West,Product_C,4699.0
2023-03-22,West,Product_D,3374.0
2023-03-22,West,Product_E,3852.0
2023-03-23,North,Product_A,4594.0
2023-03-23,North,Product_B,2363.0
2023-03-23,North,Product_C,1263.0
2023-03-23,North,Product_D,2413.0
2023-03-23,North,Product_E,1899.0
2023-03-23,South,Product_A,4782.0
2023-03-23,South,Product_B,1159.0
2023-03-23,South,Product_C,1567.0
2023-03-23,South,Product_D,1149.0
2023-03-23,South,Product_E,2521.0
2023-03-23,West,Product_A,3410.0
2023-03-23,West,Product_B,1915.0
2023-03-23,West,Product_C,3469.0
2023-03-23,West,Product_D,1638.0
2023-03-23,West,Product_E,2271.0
2023-03-24,North,Product_A,2029.0
2023-03-24,North,Product_B,4972.0
2023-03-24,North,Product_C,4601.0
2023-03-24,North,Product_D,2269.0
2023-03-24,North,Product_E,4951.0
2023-03-24,South,Product_A,2245.0
2023-03-24,South,Product_B,1325.0
2023-03-24,South,Product_C,3728.0
2023-03-24,South,Product_D,1122.0
2023-03-24,South,Product_E,3338.0
2023-03-24,West,Product_A,1933.0
2023-03-24,West,Product_B,3762.0
2023-03-24,West,Product_C,3672.0
2023-03-24,West,Product_D,2349.0
2023-03-24,West,Product_E,4499.0
2023-03-25,North,Product_A,1130.0
2023-03-25,North,Product_B,2312.0
2023-03-25,North,Product_C,3507.0
2023-03-25,North,Product_D,4615.0
2023-03-25,North,Product_E,4221.0
2023-03-25,South,Product_A,1021.0
2023-03-25,South,Product_B,3927.0
2023-03-25,South,Product_C,3026.0
2023-03-25,South,Product_D,4626.0
2023-03-25,South,Product_E,3589.0
2023-03-25,West,Product_A,2497.0
2023-03-25,West,Product_B,3258.0
2023-03-25,West,Product_C,3037.0
2023-03-25,West,Product_D,1189.0
2023-03-25,West,Product_E,3442.0
2023-03-26,North,Product_A,1276.0
2023-03-26,North,Product_B,3905.0
2023-03-26,North,Product_C,1107.0
2023-03-26,North,Product_D,1584.0
2023-03-26,North,Product_E,3300.0
2023-03-26,South,Product_A,
2023-03-26,South,Product_B,3597.0
2023-03-26,South,Product_C,3140.0
2023-03-26,South,Product_D,4071.0
2023-03-26,South,Product_E,
2023-03-26,West,Product_A,4172.0
2023-03-26,West,Product_B,2799.0
2023-03-26,West,Product_C,3484.0
2023-03-26,West,Product_D,2147.0
2023-03-26,West,Product_E,3761.0
2023-03-27,North,Product_A,1265.0
2023-03-27,North,Product_B,3083.0
2023-03-27,North,Product_C,4803.0
2023-03-27,North,Product_D,1039.0
2023-03-27,North,Product_E,1871.0
2023-03-27,South,Product_A,3509.0
2023-03-27,South,Product_B,3088.0
2023-03-27,South,Product_C,2322.0
2023-03-27,South,Product_D,1698.0
2023-03-27,South,Product_E,2999.0
2023-03-27,West,Product_A,2862.0
2023-03-27,West,Product_B,3466.0
2023-03-27,West,Product_C,3064.0
2023-03-27,West,Product_D,1535.0
2023-03-27,West,Product_E,4779.0
2023-03-28,North,Product_A,2462.0
2023-03-28,North,Product_B,1798.0
2023-03-28,North,Product_C,1844.0
2023-03-28,North,Product_D,3958.0
2023-03-28,North,Product_E,3430.0
2023-03-28,South,Product_A,1159.0
2023-03-28,South,Product_B,4479.0
2023-03-28,South,Product_C,2738.0
2023-03-28,South,Product_D,2593.0
2023-03-28,South,Product_E,1057.0
2023-03-28,West,Product_A,4653.0
2023-03-28,West,Product_B,4680.0
2023-03-28,West,Product_C,4634.0
2023-03-28,West,Product_D,1754.0
2023-03-28,West,Product_E,4485.0
2023-03-29,North,Product_A,3538.0
2023-03-29,North,Product_B,4984.0
2023-03-29,North,Product_C,4998.0
2023-03-29,North,Product_D,3353.0
2023-03-29,North,Product_E,1382.0
2023-03-29,South,Product_A,1084.0
2023-03-29,South,Product_B,4510.0
2023-03-29,South,Product_C,2638.0
2023-03-29,South,Product_D,2051.0
2023-03-29,South,Product_E,1417.0
2023-03-29,West,Product_A,2996.0
2023-03-29,West,Product_B,1579.0
2023-03-29,West,Product_C,4528.0
2023-03-29,West,Product_D,1281.0
2023-03-29,West,Product_E,3641.0
2023-03-30,North,Product_A,3619.0
2023-03-30,North,Product_B,3127.0
2023-03-30,North,Product_C,1312.0
2023-03-30,North,Product_D,1082.0
2023-03-30,North,Product_E,4129.0
2023-03-30,South,Product_A,4921.0
2023-03-30,South,Product_B,3505.0
2023-03-30,South,Product_C,4770.0
2023-03-30,South,Product_D,4262.0
2023-03-30,South,Product_E,2586.0
2023-03-30,West,Product_A,2566.0
2023-03-30,West,Product_B,4387.0
2023-03-30,West,Product_C,2350.0
2023-03-30,West,Product_D,1418.0
2023-03-30,West,Product_E,1086.0
2023-03-31,North,Product_A,3902.0
2023-03-31,North,Product_B,2947.0
2023-03-31,North,Product_C,2128.0
2023-03-31,North,Product_D,1508.0
2023-03-31,North,Product_E,4244.0
2023-03-31,South,Product_A,1199.0
2023-03-31,South,Product_B,4766.0
2023-03-31,South,Product_C,1958.0
2023-03-31,South,Product_D,3291.0
2023-03-31,South,Product_E,2545.0
2023-03-31,West,Product_A,1449.0
2023-03-31,West,Product_B,4040.0
2023-03-31,West,Product_C,1007.0
2023-03-31,West,Product_D,3203.0
2023-03-31,West,Product_E,3120.0
2023-04-01,North,Product_A,2684.0
2023-04-01,North,Product_B,2717.0
2023-04-01,North,Product_C,2635.0
2023-04-01,North,Product_D,2900.0
2023-04-01,North,Product_E,2028.0
2023-04-01,South,Product_A,1067.0
2023-04-01,South,Product_B,1591.0
2023-04-01,South,Product_C,2752.0
2023-04-01,South,Product_D,4941.0
2023-04-01,South,Product_E,2737.0
2023-04-01,West,Product_A,4650.0
2023-04-01,West,Product_B,4786.0
2023-04-01,West,Product_C,1104.0
2023-04-01,West,Product_D,1818.0
2023-04-01,West,Product_E,4044.0
2023-04-02,North,Product_A,1163.0
2023-04-02,North,Product_B,1318.0
2023-04-02,North,Product_C,4023.0
2023-04-02,North,Product_D,3913.0
2023-04-02,North,Product_E,2832.0
2023-04-02,South,Product_A,4732.0
2023-04-02,South,Product_B,4962.0
2023-04-02,South,Product_C,1219.0
2023-04-02,South,Product_D,4529.0
2023-04-02,South,Product_E,3216.0
2023-04-02,West,Product_A,2539.0
2023-04-02,West,Product_B,4696.0
2023-04-02,West,Product_C,3855.0
2023-04-02,West,Product_D,1565.0
2023-04-02,West,Product_E,2250.0
2023-04-03,North,Product_A,4461.0
2023-04-03,North,Product_B,4137.0
2023-04-03,North,Product_C,4095.0
2023-04-03,North,Product_D,3992.0
2023-04-03,North,Product_E,2898.0
2023-04-03,South,Product_A,2925.0
2023-04-03,South,Product_B,3214.0
2023-04-03,South,Product_C,4219.0
2023-04-03,South,Product_D,4481.0
2023-04-03,South,Product_E,3205.0
2023-04-03,West,Product_A,2633.0
2023-04-03,West,Product_B,4936.0
2023-04-03,West,Product_C,1479.0
2023-04-03,West,Product_D,3874.0
2023-04-03,West,Product_E,4864.0
2023-04-04,North,Product_A,3755.0
2023-04-04,North,Product_B,4234.0
2023-04-04,North,Product_C,1777.0
2023-04-04,North,Product_D,2954.0
2023-04-04,North,Product_E,4286.0
2023-04-04,South,Product_A,2311.0
2023-04-04,South,Product_B,2043.0
2023-04-04,South,Product_C,3875.0
2023-04-04,South,Product_D,4143.0
2023-04-04,South,Product_E,4474.0
2023-04-04,West,Product_A,3681.0
2023-04-04,West,Product_B,1572.0
2023-04-04,West,Product_C,4170.0
2023-04-04,West,Product_D,4930.0
2023-04-04,West,Product_E,3457.0
2023-04-05,North,Product_A,4764.0
2023-04-05,North,Product_B,3468.0
2023-04-05,North,Product_C,1625.0
2023-04-05,North,Product_D,2687.0
2023-04-05,North,Product_E,4864.0
2023-04-05,South,Product_A,1274.0
2023-04-05,South,Product_B,3285.0
2023-04-05,South,Product_C,1758.0
2023-04-05,South,Product_D,3438.0
2023-04-05,South,Product_E,2893.0
2023-04-05,West,Product_A,3478.0
2023-04-05,West,Product_B,3182.0
2023-04-05,West,Product_C,3960.0
2023-04-05,West,Product_D,3828.0
2023-04-05,West,Product_E,3408.0
2023-04-06,North,Product_A,2363.0
2023-04-06,North,Product_B,3600.0
2023-04-06,North,Product_C,3130.0
2023-04-06,North,Product_D,2042.0
2023-04-06,North,Product_E,3835.0
2023-04-06,South,Product_A,2823.0
2023-04-06,South,Product_B,1048.0
2023-04-06,South,Product_C,1001.0
2023-04-06,South,Product_D,1777.0
2023-04-06,South,Product_E,3973.0
2023-04-06,West,Product_A,2911.0
2023-04-06,West,Product_B,3836.0
2023-04-06,West,Product_C,2783.0
2023-04-06,West,Product_D,1852.0
2023-04-06,West,Product_E,3759.0
2023-04-07,North,Product_A,1092.0
2023-04-07,North,Product_B,4214.0
2023-04-07,North,Product_C,1421.0
2023-04-07,North,Product_D,4830.0
2023-04-07,North,Product_E,2560.0
2023-04-07,South,Product_A,3217.0
2023-04-07,South,Product_B,1445.0
2023-04-07,South,Product_C,2319.0
2023-04-07,South,Product_D,3993.0
2023-04-07,South,Product_E,2847.0
2023-04-07,West,Product_A,2124.0
2023-04-07,West,Product_B,2438.0
2023-04-07,West,Product_C,1384.0
2023-04-07,West,Product_D,3099.0
2023-04-07,West,Product_E,3177.0
2023-04-08,North,Product_A,2967.0
2023-04-08,North,Product_B,2165.0
2023-04-08,North,Product_C,3312.0
2023-04-08,North,Product_D,2409.0
2023-04-08,North,Product_E,4116.0
2023-04-08,South,Product_A,1017.0
2023-04-08,South,Product_B,4838.0
2023-04-08,South,Product_C,2372.0
2023-04-08,South,Product_D,1297.0
2023-04-08,South,Product_E,1856.0
2023-04-08,West,Product_A,1214.0
2023-04-08,West,Product_B,4181.0
2023-04-08,West,Product_C,3187.0
2023-04-08,West,Product_D,1814.0
2023-04-08,West,Product_E,3958.0
2023-04-09,North,Product_A,3443.0
2023-04-09,North,Product_B,3905.0
2023-04-09,North,Product_C,2121.0
2023-04-09,North,Product_D,2253.0
2023-04-09,North,Product_E,2972.0
2023-04-09,South,Product_A,3143.0
2023-04-09,South,Product_B,4622.0
2023-04-09,South,Product_C,2203.0
2023-04-09,South,Product_D,2718.0
2023-04-09,South,Product_E,2092.0
2023-04-09,West,Product_A,2245.0
2023-04-09,West,Product_B,1261.0
2023-04-09,West,Product_C,4282.0
2023-04-09,West,Product_D,3051.0
2023-04-09,West,Product_E,4979.0
2023-04-10,North,Product_A,3606.0
2023-04-10,North,Product_B,3773.0
2023-04-10,North,Product_C,3325.0
2023-04-10,North,Product_D,4472.0
2023-04-10,North,Product_E,1994.0
2023-04-10,South,Product_A,2866.0
2023-04-10,South,Product_B,4486.0
2023-04-10,South,Product_C,1897.0
2023-04-10,South,Product_D,4729.0
2023-04-10,South,Product_E,3484.0
2023-04-10,West,Product_A,2859.0
2023-04-10,West,Product_B,3011.0
2023-04-10,West,Product_C,2426.0
2023-04-10,West,Product_D,2901.0
2023-04-10,West,Product_E,3747.0
2023-04-11,North,Product_A,4141.0
2023-04-11,North,Product_B,3936.0
2023-04-11,North,Product_C,4587.0
2023-04-11,North,Product_D,4337.0
2023-04-11,North,Product_E,2483.0
2023-04-11,South,Product_A,1725.0
2023-04-11,South,Product_B,2858.0
2023-04-11,South,Product_C,3700.0
2023-04-11,South,Product_D,3844.0
2023-04-11,South,Product_E,1665.0
2023-04-11,West,Product_A,4474.0
2023-04-11,West,Product_B,4659.0
2023-04-11,West,Product_C,2579.0
2023-04-11,West,Product_D,2146.0
2023-04-11,West,Product_E,2970.0
2023-04-12,North,Product_A,1732.0
2023-04-12,North,Product_B,4470.0
2023-04-12,North,Product_C,1960.0
2023-04-12,North,Product_D,1823.0
2023-04-12,North,Product_E,4867.0
2023-04-12,South,Product_A,2409.0
2023-04-12,South,Product_B,1585.0
2023-04-12,South,Product_C,2278.0
2023-04-12,South,Product_D,4600.0
2023-04-12,South,Product_E,4611.0
2023-04-12,West,Product_A,1073.0
2023-04-12,West,Product_B,2013.0
2023-04-12,West,Product_C,4448.0
2023-04-12,West,Product_D,2660.0
2023-04-12,West,Product_E,4219.0
2023-04-13,North,Product_A,3875.0
2023-04-13,North,Product_B,4076.0
2023-04-13,North,Product_C,4422.0
2023-04-13,North,Product_D,2003.0
2023-04-13,North,Product_E,4822.0
2023-04-13,South,Product_A,3715.0
2023-04-13,South,Product_B,3392.0
2023-04-13,South,Product_C,3580.0
2023-04-13,South,Product_D,2138.0
2023-04-13,South,Product_E,1303.0
2023-04-13,West,Product_A,1869.0
2023-04-13,West,Product_B,2146.0
2023-04-13,West,Product_C,2237.0
2023-04-13,West,Product_D,1334.0
2023-04-13,West,Product_E,2767.0
2023-04-14,North,Product_A,1520.0
2023-04-14,North,Product_B,2001.0
2023-04-14,North,Product_C,4794.0
2023-04-14,North,Product_D,2627.0
2023-04-14,North,Product_E,1871.0
2023-04-14,South,Product_A,3419.0
2023-04-14,South,Product_B,1948.0
2023-04-14,South,Product_C,3871.0
2023-04-14,South,Product_D,2979.0
2023-04-14,South,Product_E,2306.0
2023-04-14,West,Product_A,3828.0
2023-04-14,West,Product_B,3629.0
2023-04-14,West,Product_C,1534.0
2023-04-14,West,Product_D,2159.0
2023-04-14,West,Product_E,1453.0
2023-04-15,North,Product_A,1785.0
2023-04-15,North,Product_B,1115.0
2023-04-15,North,Product_C,2529.0
2023-04-15,North,Product_D,2243.0
2023-04-15,North,Product_E,1639.0
2023-04-15,South,Product_A,2974.0
2023-04-15,South,Product_B,1431.0
2023-04-15,South,Product_C,4418.0
2023-04-15,South,Product_D,1467.0
2023-04-15,South,Product_E,3089.0
2023-04-15,West,Product_A,1396.0
2023-04-15,West,Product_B,4011.0
2023-04-15,West,Product_C,3847.0
2023-04-15,West,Product_D,1007.0
2023-04-15,West,Product_E,1419.0
2023-04-16,North,Product_A,2853.0
2023-04-16,North,Product_B,1753.0
2023-04-16,North,Product_C,3004.0
2023-04-16,North,Product_D,4679.0
2023-04-16,North,Product_E,4924.0
2023-04-16,South,Product_A,1078.0
2023-04-16,South,Product_B,4469.0
2023-04-16,South,Product_C,2651.0
2023-04-16,South,Product_D,1035.0
2023-04-16,South,Product_E,3499.0
2023-04-16,West,Product_A,4774.0
2023-04-16,West,Product_B,3364.0
2023-04-16,West,Product_C,4609.0
2023-04-16,West,Product_D,1967.0
2023-04-16,West,Product_E,4190.0
2023-04-17,North,Product_A,3521.0
2023-04-17,North,Product_B,3162.0
2023-04-17,North,Product_C,3707.0
2023-04-17,North,Product_D,2847.0
2023-04-17,North,Product_E,2055.0
2023-04-17,South,Product_A,1416.0
2023-04-17,South,Product_B,3994.0
2023-04-17,South,Product_C,3430.0
2023-04-17,South,Product_D,1629.0
2023-04-17,South,Product_E,2717.0
2023-04-17,West,Product_A,2391.0
2023-04-17,West,Product_B,4780.0
2023-04-17,West,Product_C,2193.0
2023-04-17,West,Product_D,1255.0
2023-04-17,West,Product_E,2771.0
2023-04-18,North,Product_A,1712.0
2023-04-18,North,Product_B,1949.0
2023-04-18,North,Product_C,3456.0
2023-04-18,North,Product_D,2154.0
2023-04-18,North,Product_E,1791.0
2023-04-18,South,Product_A,1083.0
2023-04-18,South,Product_B,2504.0
2023-04-18,South,Product_C,2292.0
2023-04-18,South,Product_D,3057.0
2023-04-18,South,Product_E,4452.0
2023-04-18,West,Product_A,1681.0
2023-04-18,West,Product_B,4178.0
2023-04-18,West,Product_C,4475.0
2023-04-18,West,Product_D,3041.0
2023-04-18,West,Product_E,2760.0
2023-04-19,North,Product_A,2501.0
2023-04-19,North,Product_B,4808.0
2023-04-19,North,Product_C,4491.0
2023-04-19,North,Product_D,4243.0
2023-04-19,North,Product_E,2912.0
2023-04-19,South,Product_A,4142.0
2023-04-19,South,Product_B,3996.0
2023-04-19,South,Product_C,1369.0
2023-04-19,South,Product_D,4440.0
2023-04-19,South,Product_E,2314.0
2023-04-19,West,Product_A,2961.0
2023-04-19,West,Product_B,4635.0
2023-04-19,West,Product_C,1261.0
2023-04-19,West,Product_D,3920.0
2023-04-19,West,Product_E,2247.0
2023-04-20,North,Product_A,2959.0
2023-04-20,North,Product_B,3031.0
2023-04-20,North,Product_C,1832.0
2023-04-20,North,Product_D,4831.0
2023-04-20,North,Product_E,3511.0
2023-04-20,South,Product_A,2325.0
2023-04-20,South,Product_B,3578.0
2023-04-20,South,Product_C,1208.0
2023-04-20,South,Product_D,1567.0
2023-04-20,South,Product_E,2970.0
2023-04-20,West,Product_A,3900.0
2023-04-20,West,Product_B,4851.0
2023-04-20,West,Product_C,2335.0
2023-04-20,West,Product_D,4157.0
2023-04-20,West,Product_E,3127.0
2023-04-21,North,Product_A,1617.0
2023-04-21,North,Product_B,1635.0
2023-04-21,North,Product_C,3494.0
2023-04-21,North,Product_D,4953.0
2023-04-21,North,Product_E,1497.0
2023-04-21,South,Product_A,2564.0
2023-04-21,South,Product_B,3041.0
2023-04-21,South,Product_C,1234.0
2023-04-21,South,Product_D,1911.0
2023-04-21,South,Product_E,3208.0
2023-04-21,West,Product_A,4974.0
2023-04-21,West,Product_B,4515.0
2023-04-21,West,Product_C,1881.0
2023-04-21,West,Product_D,2829.0
2023-04-21,West,Product_E,3319.0
2023-04-22,North,Product_A,4022.0
2023-04-22,North,Product_B,1077.0
2023-04-22,North,Product_C,3245.0
2023-04-22,North,Product_D,2028.0
2023-04-22,North,Product_E,3651.0
2023-04-22,South,Product_A,2672.0
2023-04-22,South,Product_B,4210.0
2023-04-22,South,Product_C,2984.0
2023-04-22,South,Product_D,2617.0
2023-04-22,South,Product_E,2605.0
2023-04-22,West,Product_A,3649.0
2023-04-22,West,Product_B,3464.0
2023-04-22,West,Product_C,3076.0
2023-04-22,West,Product_D,2929.0
2023-04-22,West,Product_E,1046.0
2023-04-23,North,Product_A,1094.0
2023-04-23,North,Product_B,3521.0
2023-04-23,North,Product_C,1012.0
2023-04-23,North,Product_D,3397.0
2023-04-23,North,Product_E,4862.0
2023-04-23,South,Product_A,4304.0
2023-04-23,South,Product_B,1988.0
2023-04-23,South,Product_C,2283.0
2023-04-23,South,Product_D,1245.0
2023-04-23,South,Product_E,4991.0
2023-04-23,West,Product_A,1783.0
2023-04-23,West,Product_B,1103.0
2023-04-23,West,Product_C,2411.0
2023-04-23,West,Product_D,1983.0
2023-04-23,West,Product_E,1601.0
2023-04-24,North,Product_A,3005.0
2023-04-24,North,Product_B,4044.0
2023-04-24,North,Product_C,2330.0
2023-04-24,North,Product_D,2075.0
2023-04-24,North,Product_E,3130.0
2023-04-24,South,Product_A,4923.0
2023-04-24,South,Product_B,1057.0
2023-04-24,South,Product_C,4581.0
2023-04-24,South,Product_D,1014.0
2023-04-24,South,Product_E,4970.0
2023-04-24,West,Product_A,1024.0
2023-04-24,West,Product_B,2448.0
2023-04-24,West,Product_C,1026.0
2023-04-24,West,Product_D,4351.0
2023-04-24,West,Product_E,1840.0
2023-04-25,North,Product_A,2201.0
2023-04-25,North,Product_B,4199.0
2023-04-25,North,Product_C,3635.0
2023-04-25,North,Product_D,4617.0
2023-04-25,North,Product_E,2739.0
2023-04-25,South,Product_A,1224.0
2023-04-25,South,Product_B,2932.0
2023-04-25,South,Product_C,3424.0
2023-04-25,South,Product_D,4466.0
2023-04-25,South,Product_E,2377.0
2023-04-25,West,Product_A,3388.0
2023-04-25,West,Product_B,3507.0
2023-04-25,West,Product_C,3474.0
2023-04-25,West,Product_D,4330.0
2023-04-25,West,Product_E,2726.0
2023-04-26,North,Product_A,1378.0
2023-04-26,North,Product_B,2907.0
2023-04-26,North,Product_C,2017.0
2023-04-26,North,Product_D,1507.0
2023-04-26,North,Product_E,2601.0
2023-04-26,South,Product_A,2095.0
2023-04-26,South,Product_B,1901.0
2023-04-26,South,Product_C,1587.0
2023-04-26,South,Product_D,1998.0
2023-04-26,South,Product_E,1713.0
2023-04-26,West,Product_A,2606.0
2023-04-26,West,Product_B,4268.0
2023-04-26,West,Product_C,1734.0
2023-04-26,West,Product_D,2143.0
2023-04-26,West,Product_E,1153.0
2023-04-27,North,Product_A,4151.0
2023-04-27,North,Product_B,1208.0
2023-04-27,North,Product_C,4724.0
2023-04-27,North,Product_D,4847.0
2023-04-27,North,Product_E,1066.0
2023-04-27,South,Product_A,3944.0
2023-04-27,South,Product_B,1556.0
2023-04-27,South,Product_C,3442.0
2023-04-27,South,Product_D,3416.0
2023-04-27,South,Product_E,1124.0
2023-04-27,West,Product_A,2044.0
2023-04-27,West,Product_B,2131.0
2023-04-27,West,Product_C,1175.0
2023-04-27,West,Product_D,1781.0
2023-04-27,West,Product_E,4982.0
2023-04-28,North,Product_A,1337.0
2023-04-28,North,Product_B,4215.0
2023-04-28,North,Product_C,4370.0
2023-04-28,North,Product_D,2954.0
2023-04-28,North,Product_E,1925.0
2023-04-28,South,Product_A,1267.0
2023-04-28,South,Product_B,4994.0
2023-04-28,South,Product_C,1480.0
2023-04-28,South,Product_D,2304.0
2023-04-28,South,Product_E,4105.0
2023-04-28,West,Product_A,2765.0
2023-04-28,West,Product_B,3422.0
2023-04-28,West,Product_C,2875.0
2023-04-28,West,Product_D,4790.0
2023-04-28,West,Product_E,1319.0
2023-04-29,North,Product_A,1766.0
2023-04-29,North,Product_B,3417.0
2023-04-29,North,Product_C,4472.0
2023-04-29,North,Product_D,4372.0
2023-04-29,North,Product_E,3231.0
2023-04-29,South,Product_A,3715.0
2023-04-29,South,Product_B,2737.0
2023-04-29,South,Product_C,2308.0
2023-04-29,South,Product_D,1006.0
2023-04-29,South,Product_E,2211.0
2023-04-29,West,Product_A,1908.0
2023-04-29,West,Product_B,3880.0
2023-04-29,West,Product_C,1941.0
2023-04-29,West,Product_D,1400.0
2023-04-29,West,Product_E,1834.0
2023-04-30,North,Product_A,3925.0
2023-04-30,North,Product_B,3178.0
2023-04-30,North,Product_C,2417.0
2023-04-30,North,Product_D,1294.0
2023-04-30,North,Product_E,3376.0
2023-04-30,South,Product_A,2453.0
2023-04-30,South,Product_B,3267.0
2023-04-30,South,Product_C,3589.0
2023-04-30,South,Product_D,4756.0
2023-04-30,South,Product_E,3855.0
2023-04-30,West,Product_A,1408.0
2023-04-30,West,Product_B,4856.0
2023-04-30,West,Product_C,3140.0
2023-04-30,West,Product_D,3376.0
2023-04-30,West,Product_E,2718.0
2023-05-01,North,Product_A,4881.0
2023-05-01,North,Product_B,3835.0
2023-05-01,North,Product_C,1382.0
2023-05-01,North,Product_D,1319.0
2023-05-01,North,Product_E,4873.0
2023-05-01,South,Product_A,2848.0
2023-05-01,South,Product_B,1672.0
2023-05-01,South,Product_C,2733.0
2023-05-01,South,Product_D,4435.0
2023-05-01,South,Product_E,2160.0
2023-05-01,West,Product_A,3771.0
2023-05-01,West,Product_B,2413.0
2023-05-01,West,Product_C,1758.0
2023-05-01,West,Product_D,3700.0
2023-05-01,West,Product_E,1677.0
2023-05-02,North,Product_A,1525.0
2023-05-02,North,Product_B,3547.0
2023-05-02,North,Product_C,3757.0
2023-05-02,North,Product_D,4527.0
2023-05-02,North,Product_E,3875.0
2023-05-02,South,Product_A,3154.0
2023-05-02,South,Product_B,3778.0
2023-05-02,South,Product_C,2346.0
2023-05-02,South,Product_D,1763.0
2023-05-02,South,Product_E,1060.0
2023-05-02,West,Product_A,4505.0
2023-05-02,West,Product_B,3257.0
2023-05-02,West,Product_C,3959.0
2023-05-02,West,Product_D,4292.0
2023-05-02,West,Product_E,4009.0
2023-05-03,North,Product_A,3983.0
2023-05-03,North,Product_B,1278.0
2023-05-03,North,Product_C,2794.0
2023-05-03,North,Product_D,2213.0
2023-05-03,North,Product_E,3539.0
2023-05-03,South,Product_A,4711.0
2023-05-03,South,Product_B,2066.0
2023-05-03,South,Product_C,1094.0
2023-05-03,South,Product_D,2747.0
2023-05-03,South,Product_E,4574.0
2023-05-03,West,Product_A,4896.0
2023-05-03,West,Product_B,1766.0
2023-05-03,West,Product_C,4303.0
2023-05-03,West,Product_D,1591.0
2023-05-03,West,Product_E,4643.0
2023-05-04,North,Product_A,2147.0
2023-05-04,North,Product_B,4513.0
2023-05-04,North,Product_C,4800.0
2023-05-04,North,Product_D,3440.0
2023-05-04,North,Product_E,2029.0
2023-05-04,South,Product_A,1831.0
2023-05-04,South,Product_B,4270.0
2023-05-04,South,Product_C,4242.0
2023-05-04,South,Product_D,3270.0
2023-05-04,South,Product_E,3624.0
2023-05-04,West,Product_A,4582.0
2023-05-04,West,Product_B,3336.0
2023-05-04,West,Product_C,2507.0
2023-05-04,West,Product_D,4730.0
2023-05-04,West,Product_E,2725.0
2023-05-05,North,Product_A,4186.0
2023-05-05,North,Product_B,4510.0
2023-05-05,North,Product_C,1168.0
2023-05-05,North,Product_D,4658.0
2023-05-05,North,Product_E,3114.0
2023-05-05,South,Product_A,3275.0
2023-05-05,South,Product_B,2235.0
2023-05-05,South,Product_C,2389.0
2023-05-05,South,Product_D,4570.0
2023-05-05,South,Product_E,3767.0
2023-05-05,West,Product_A,2551.0
2023-05-05,West,Product_B,3550.0
2023-05-05,West,Product_C,2512.0
2023-05-05,West,Product_D,2973.0
2023-05-05,West,Product_E,4042.0
2023-05-06,North,Product_A,1478.0
2023-05-06,North,Product_B,4323.0
2023-05-06,North,Product_C,3937.0
2023-05-06,North,Product_D,2686.0
2023-05-06,North,Product_E,
2023-05-06,South,Product_A,1433.0
2023-05-06,South,Product_B,3467.0
2023-05-06,South,Product_C,2425.0
2023-05-06,South,Product_D,1071.0
2023-05-06,South,Product_E,2841.0
2023-05-06,West,Product_A,4328.0
2023-05-06,West,Product_B,1658.0
2023-05-06,West,Product_C,1341.0
2023-05-06,West,Product_D,2979.0
2023-05-06,West,Product_E,3878.0
2023-05-07,North,Product_A,1900.0
2023-05-07,North,Product_B,4569.0
2023-05-07,North,Product_C,2744.0
2023-05-07,North,Product_D,1847.0
2023-05-07,North,Product_E,1818.0
2023-05-07,South,Product_A,1083.0
2023-05-07,South,Product_B,4195.0
2023-05-07,South,Product_C,2451.0
2023-05-07,South,Product_D,1485.0
2023-05-07,South,Product_E,4883.0
2023-05-07,West,Product_A,3060.0
2023-05-07,West,Product_B,2165.0
2023-05-07,West,Product_C,4829.0
2023-05-07,West,Product_D,3333.0
2023-05-07,West,Product_E,2070.0
2023-05-08,North,Product_A,3086.0
2023-05-08,North,Product_B,2574.0
2023-05-08,North,Product_C,1554.0
2023-05-08,North,Product_D,2352.0
2023-05-08,North,Product_E,2846.0
2023-05-08,South,Product_A,3384.0
2023-05-08,South,Product_B,3658.0
2023-05-08,South,Product_C,2507.0
2023-05-08,South,Product_D,2801.0
2023-05-08,South,Product_E,4883.0
2023-05-08,West,Product_A,2831.0
2023-05-08,West,Product_B,4917.0
2023-05-08,West,Product_C,2648.0
2023-05-08,West,Product_D,4747.0
2023-05-08,West,Product_E,4916.0
2023-05-09,North,Product_A,1941.0
2023-05-09,North,Product_B,3259.0
2023-05-09,North,Product_C,4579.0
2023-05-09,North,Product_D,1677.0
2023-05-09,North,Product_E,2280.0
2023-05-09,South,Product_A,1372.0
2023-05-09,South,Product_B,2920.0
2023-05-09,South,Product_C,3914.0
2023-05-09,South,Product_D,3374.0
2023-05-09,South,Product_E,4006.0
2023-05-09,West,Product_A,3618.0
2023-05-09,West,Product_B,1262.0
2023-05-09,West,Product_C,1858.0
2023-05-09,West,Product_D,2076.0
2023-05-09,West,Product_E,4553.0
2023-05-10,North,Product_A,3228.0
2023-05-10,North,Product_B,3666.0
2023-05-10,North,Product_C,1172.0
2023-05-10,North,Product_D,4101.0
2023-05-10,North,Product_E,4113.0
2023-05-10,South,Product_A,2514.0
2023-05-10,South,Product_B,3404.0
2023-05-10,South,Product_C,2762.0
2023-05-10,South,Product_D,3769.0
2023-05-10,South,Product_E,2073.0
2023-05-10,West,Product_A,4130.0
2023-05-10,West,Product_B,2215.0
2023-05-10,West,Product_C,1736.0
2023-05-10,West,Product_D,3624.0
2023-05-10,West,Product_E,1968.0
2023-05-11,North,Product_A,2190.0
2023-05-11,North,Product_B,3104.0
2023-05-11,North,Product_C,1809.0
2023-05-11,North,Product_D,3829.0
2023-05-11,North,Product_E,1667.0
2023-05-11,South,Product_A,1690.0
2023-05-11,South,Product_B,2453.0
2023-05-11,South,Product_C,1864.0
2023-05-11,South,Product_D,4118.0
2023-05-11,South,Product_E,1651.0
2023-05-11,West,Product_A,2402.0
2023-05-11,West,Product_B,4640.0
2023-05-11,West,Product_C,2484.0
2023-05-11,West,Product_D,1589.0
2023-05-11,West,Product_E,1263.0
2023-05-12,North,Product_A,3316.0
2023-05-12,North,Product_B,3649.0
2023-05-12,North,Product_C,3811.0
2023-05-12,North,Product_D,3011.0
2023-05-12,North,Product_E,3273.0
2023-05-12,South,Product_A,1079.0
2023-05-12,South,Product_B,3312.0
2023-05-12,South,Product_C,4497.0
2023-05-12,South,Product_D,4566.0
2023-05-12,South,Product_E,1998.0
2023-05-12,West,Product_A,4993.0
2023-05-12,West,Product_B,3798.0
2023-05-12,West,Product_C,1037.0
2023-05-12,West,Product_D,4981.0
2023-05-12,West,Product_E,1423.0
2023-05-13,North,Product_A,2319.0
2023-05-13,North,Product_B,4324.0
2023-05-13,North,Product_C,3400.0
2023-05-13,North,Product_D,4533.0
2023-05-13,North,Product_E,2621.0
2023-05-13,South,Product_A,3278.0
2023-05-13,South,Product_B,3124.0
2023-05-13,South,Product_C,1617.0
2023-05-13,South,Product_D,4047.0
2023-05-13,South,Product_E,3098.0
2023-05-13,West,Product_A,1690.0
2023-05-13,West,Product_B,1271.0
2023-05-13,West,Product_C,1111.0
2023-05-13,West,Product_D,1601.0
2023-05-13,West,Product_E,3121.0
2023-05-14,North,Product_A,2192.0
2023-05-14,North,Product_B,1427.0
2023-05-14,North,Product_C,1729.0
2023-05-14,North,Product_D,2732.0
2023-05-14,North,Product_E,3617.0
2023-05-14,South,Product_A,4716.0
2023-05-14,South,Product_B,4930.0
2023-05-14,South,Product_C,4559.0
2023-05-14,South,Product_D,3198.0
2023-05-14,South,Product_E,4901.0
2023-05-14,West,Product_A,2605.0
2023-05-14,West,Product_B,4893.0
2023-05-14,West,Product_C,4421.0
2023-05-14,West,Product_D,4022.0
2023-05-14,West,Product_E,4889.0
2023-05-15,North,Product_A,4444.0
2023-05-15,North,Product_B,1173.0
2023-05-15,North,Product_C,3904.0
2023-05-15,North,Product_D,3010.0
2023-05-15,North,Product_E,2569.0
2023-05-15,South,Product_A,3050.0
2023-05-15,South,Product_B,3342.0
2023-05-15,South,Product_C,4751.0
2023-05-15,South,Product_D,2111.0
2023-05-15,South,Product_E,4741.0
2023-05-15,West,Product_A,1485.0
2023-05-15,West,Product_B,2953.0
2023-05-15,West,Product_C,4902.0
2023-05-15,West,Product_D,3200.0
2023-05-15,West,Product_E,1969.0
2023-05-16,North,Product_A,3427.0
2023-05-16,North,Product_B,3758.0
2023-05-16,North,Product_C,4138.0
2023-05-16,North,Product_D,2331.0
2023-05-16,North,Product_E,1120.0
2023-05-16,South,Product_A,1102.0
2023-05-16,South,Product_B,2362.0
2023-05-16,South,Product_C,3385.0
2023-05-16,South,Product_D,4734.0
2023-05-16,South,Product_E,1539.0
2023-05-16,West,Product_A,4557.0
2023-05-16,West,Product_B,4436.0
2023-05-16,West,Product_C,4770.0
2023-05-16,West,Product_D,2330.0
2023-05-16,West,Product_E,4362.0
2023-05-17,North,Product_A,2163.0
2023-05-17,North,Product_B,4846.0
2023-05-17,North,Product_C,3874.0
2023-05-17,North,Product_D,3494.0
2023-05-17,North,Product_E,2081.0
2023-05-17,South,Product_A,4641.0
2023-05-17,South,Product_B,4636.0
2023-05-17,South,Product_C,3622.0
2023-05-17,South,Product_D,4256.0
2023-05-17,South,Product_E,4783.0
2023-05-17,West,Product_A,4628.0
2023-05-17,West,Product_B,3211.0
2023-05-17,West,Product_C,1806.0
2023-05-17,West,Product_D,4366.0
2023-05-17,West,Product_E,3095.0
2023-05-18,North,Product_A,1884.0
2023-05-18,North,Product_B,2930.0
2023-05-18,North,Product_C,1500.0
2023-05-18,North,Product_D,2772.0
2023-05-18,North,Product_E,4608.0
2023-05-18,South,Product_A,1391.0
2023-05-18,South,Product_B,4736.0
2023-05-18,South,Product_C,1649.0
2023-05-18,South,Product_D,1965.0
2023-05-18,South,Product_E,4906.0
2023-05-18,West,Product_A,2942.0
2023-05-18,West,Product_B,1384.0
2023-05-18,West,Product_C,2058.0
2023-05-18,West,Product_D,4127.0
2023-05-18,West,Product_E,1000.0
2023-05-19,North,Product_A,4013.0
2023-05-19,North,Product_B,2497.0
2023-05-19,North,Product_C,1424.0
2023-05-19,North,Product_D,3390.0
2023-05-19,North,Product_E,3509.0
2023-05-19,South,Product_A,2718.0
2023-05-19,South,Product_B,3235.0
2023-05-19,South,Product_C,3377.0
2023-05-19,South,Product_D,4319.0
2023-05-19,South,Product_E,2101.0
2023-05-19,West,Product_A,3147.0
2023-05-19,West,Product_B,4283.0
2023-05-19,West,Product_C,1348.0
2023-05-19,West,Product_D,4563.0
2023-05-19,West,Product_E,4201.0
2023-05-20,North,Product_A,4278.0
2023-05-20,North,Product_B,3057.0
2023-05-20,North,Product_C,4610.0
2023-05-20,North,Product_D,2929.0
2023-05-20,North,Product_E,1942.0
2023-05-20,South,Product_A,2543.0
2023-05-20,South,Product_B,1032.0
2023-05-20,South,Product_C,3475.0
2023-05-20,South,Product_D,4611.0
2023-05-20,South,Product_E,3193.0
2023-05-20,West,Product_A,4106.0
2023-05-20,West,Product_B,1531.0
2023-05-20,West,Product_C,3001.0
2023-05-20,West,Product_D,3089.0
2023-05-20,West,Product_E,4342.0
2023-05-21,North,Product_A,3744.0
2023-05-21,North,Product_B,3005.0
2023-05-21,North,Product_C,1553.0
2023-05-21,North,Product_D,2262.0
2023-05-21,North,Product_E,3537.0
2023-05-21,South,Product_A,2055.0
2023-05-21,South,Product_B,3147.0
2023-05-21,South,Product_C,2419.0
2023-05-21,South,Product_D,2458.0
2023-05-21,South,Product_E,2131.0
2023-05-21,West,Product_A,3299.0
2023-05-21,West,Product_B,3934.0
2023-05-21,West,Product_C,1273.0
2023-05-21,West,Product_D,2322.0
2023-05-21,West,Product_E,1732.0
2023-05-22,North,Product_A,4550.0
2023-05-22,North,Product_B,3721.0
2023-05-22,North,Product_C,1466.0
2023-05-22,North,Product_D,3724.0
2023-05-22,North,Product_E,4752.0
2023-05-22,South,Product_A,2652.0
2023-05-22,South,Product_B,3060.0
2023-05-22,South,Product_C,3232.0
2023-05-22,South,Product_D,3438.0
2023-05-22,South,Product_E,3736.0
2023-05-22,West,Product_A,1186.0
2023-05-22,West,Product_B,2556.0
2023-05-22,West,Product_C,3879.0
2023-05-22,West,Product_D,3631.0
2023-05-22,West,Product_E,1045.0
2023-05-23,North,Product_A,1074.0
2023-05-23,North,Product_B,1836.0
2023-05-23,North,Product_C,4247.0
2023-05-23,North,Product_D,
2023-05-23,North,Product_E,3664.0
2023-05-23,South,Product_A,4076.0
2023-05-23,South,Product_B,4123.0
2023-05-23,South,Product_C,3578.0
2023-05-23,South,Product_D,2942.0
2023-05-23,South,Product_E,3565.0
2023-05-23,West,Product_A,3836.0
2023-05-23,West,Product_B,4795.0
2023-05-23,West,Product_C,2036.0
2023-05-23,West,Product_D,3345.0
2023-05-23,West,Product_E,3846.0
2023-05-24,North,Product_A,4130.0
2023-05-24,North,Product_B,1555.0
2023-05-24,North,Product_C,2714.0
2023-05-24,North,Product_D,2211.0
2023-05-24,North,Product_E,4332.0
2023-05-24,South,Product_A,3050.0
2023-05-24,South,Product_B,2326.0
2023-05-24,South,Product_C,2059.0
2023-05-24,South,Product_D,3048.0
2023-05-24,South,Product_E,2971.0
2023-05-24,West,Product_A,1729.0
2023-05-24,West,Product_B,4963.0
2023-05-24,West,Product_C,1078.0
2023-05-24,West,Product_D,1922.0
2023-05-24,West,Product_E,2544.0
2023-05-25,North,Product_A,1450.0
2023-05-25,North,Product_B,3280.0
2023-05-25,North,Product_C,1890.0
2023-05-25,North,Product_D,4179.0
2023-05-25,North,Product_E,1026.0
2023-05-25,South,Product_A,2568.0
2023-05-25,South,Product_B,3718.0
2023-05-25,South,Product_C,4173.0
2023-05-25,South,Product_D,2112.0
2023-05-25,South,Product_E,1315.0
2023-05-25,West,Product_A,2961.0
2023-05-25,West,Product_B,1893.0
2023-05-25,West,Product_C,4026.0
2023-05-25,West,Product_D,4162.0
2023-05-25,West,Product_E,4415.0
2023-05-26,North,Product_A,1469.0
2023-05-26,North,Product_B,4736.0
2023-05-26,North,Product_C,1753.0
2023-05-26,North,Product_D,2360.0
2023-05-26,North,Product_E,1143.0
2023-05-26,South,Product_A,1033.0
2023-05-26,South,Product_B,4880.0
2023-05-26,South,Product_C,3985.0
2023-05-26,South,Product_D,3572.0
2023-05-26,South,Product_E,1334.0
2023-05-26,West,Product_A,4877.0
2023-05-26,West,Product_B,2729.0
2023-05-26,West,Product_C,4955.0
2023-05-26,West,Product_D,4411.0
2023-05-26,West,Product_E,4783.0
2023-05-27,North,Product_A,4715.0
2023-05-27,North,Product_B,1844.0
2023-05-27,North,Product_C,2363.0
2023-05-27,North,Product_D,2683.0
2023-05-27,North,Product_E,2030.0
2023-05-27,South,Product_A,2366.0
2023-05-27,South,Product_B,3660.0
2023-05-27,South,Product_C,1609.0
2023-05-27,South,Product_D,4649.0
2023-05-27,South,Product_E,1217.0
2023-05-27,West,Product_A,2025.0
2023-05-27,West,Product_B,3413.0
2023-05-27,West,Product_C,4484.0
2023-05-27,West,Product_D,1603.0
2023-05-27,West,Product_E,4886.0
2023-05-28,North,Product_A,3878.0
2023-05-28,North,Product_B,3779.0
2023-05-28,North,Product_C,3996.0
2023-05-28,North,Product_D,4718.0
2023-05-28,North,Product_E,2451.0
2023-05-28,South,Product_A,1314.0
2023-05-28,South,Product_B,4029.0
2023-05-28,South,Product_C,4818.0
2023-05-28,South,Product_D,3800.0
2023-05-28,South,Product_E,1451.0
2023-05-28,West,Product_A,2379.0
2023-05-28,West,Product_B,3197.0
2023-05-28,West,Product_C,3697.0
2023-05-28,West,Product_D,3352.0
2023-05-28,West,Product_E,1690.0
2023-05-29,North,Product_A,1584.0
2023-05-29,North,Product_B,2424.0
2023-05-29,North,Product_C,1718.0
2023-05-29,North,Product_D,3564.0
2023-05-29,North,Product_E,3851.0
2023-05-29,South,Product_A,1940.0
2023-05-29,South,Product_B,1919.0
2023-05-29,South,Product_C,4426.0
2023-05-29,South,Product_D,2863.0
2023-05-29,South,Product_E,4474.0
2023-05-29,West,Product_A,1163.0
2023-05-29,West,Product_B,1604.0
2023-05-29,West,Product_C,3660.0
2023-05-29,West,Product_D,3920.0
2023-05-29,West,Product_E,2403.0
2023-05-30,North,Product_A,3999.0
2023-05-30,North,Product_B,2467.0
2023-05-30,North,Product_C,4407.0
2023-05-30,North,Product_D,2337.0
2023-05-30,North,Product_E,3524.0
2023-05-30,South,Product_A,4096.0
2023-05-30,South,Product_B,4333.0
2023-05-30,South,Product_C,4159.0
2023-05-30,South,Product_D,3946.0
2023-05-30,South,Product_E,2884.0
2023-05-30,West,Product_A,3390.0
2023-05-30,West,Product_B,2403.0
2023-05-30,West,Product_C,4441.0
2023-05-30,West,Product_D,4351.0
2023-05-30,West,Product_E,2379.0
2023-05-31,North,Product_A,1380.0
2023-05-31,North,Product_B,2921.0
2023-05-31,North,Product_C,3150.0
2023-05-31,North,Product_D,4851.0
2023-05-31,North,Product_E,2174.0
2023-05-31,South,Product_A,2657.0
2023-05-31,South,Product_B,3091.0
2023-05-31,South,Product_C,3822.0
2023-05-31,South,Product_D,2759.0
2023-05-31,South,Product_E,3706.0
2023-05-31,West,Product_A,1038.0
2023-05-31,West,Product_B,1883.0
2023-05-31,West,Product_C,2565.0
2023-05-31,West,Product_D,4447.0
2023-05-31,West,Product_E,3214.0
2023-06-01,North,Product_A,4857.0
2023-06-01,North,Product_B,3141.0
2023-06-01,North,Product_C,3146.0
2023-06-01,North,Product_D,1160.0
2023-06-01,North,Product_E,2018.0
2023-06-01,South,Product_A,2533.0
2023-06-01,South,Product_B,2007.0
2023-06-01,South,Product_C,1716.0
2023-06-01,South,Product_D,2325.0
2023-06-01,South,Product_E,1325.0
2023-06-01,West,Product_A,1763.0
2023-06-01,West,Product_B,4813.0
2023-06-01,West,Product_C,3107.0
2023-06-01,West,Product_D,4393.0
2023-06-01,West,Product_E,3593.0
2023-06-02,North,Product_A,3348.0
2023-06-02,North,Product_B,2664.0
2023-06-02,North,Product_C,4082.0
2023-06-02,North,Product_D,4084.0
2023-06-02,North,Product_E,3533.0
2023-06-02,South,Product_A,4266.0
2023-06-02,South,Product_B,2308.0
2023-06-02,South,Product_C,4897.0
2023-06-02,South,Product_D,4316.0
2023-06-02,South,Product_E,3781.0
2023-06-02,West,Product_A,1709.0
2023-06-02,West,Product_B,2334.0
2023-06-02,West,Product_C,4694.0
2023-06-02,West,Product_D,2673.0
2023-06-02,West,Product_E,2692.0
2023-06-03,North,Product_A,1444.0
2023-06-03,North,Product_B,3118.0
2023-06-03,North,Product_C,3855.0
2023-06-03,North,Product_D,4638.0
2023-06-03,North,Product_E,3343.0
2023-06-03,South,Product_A,3484.0
2023-06-03,South,Product_B,4194.0
2023-06-03,South,Product_C,1484.0
2023-06-03,South,Product_D,4856.0
2023-06-03,South,Product_E,2307.0
2023-06-03,West,Product_A,3033.0
2023-06-03,West,Product_B,3856.0
2023-06-03,West,Product_C,4226.0
2023-06-03,West,Product_D,3849.0
2023-06-03,West,Product_E,3534.0
2023-06-04,North,Product_A,1969.0
2023-06-04,North,Product_B,3599.0
2023-06-04,North,Product_C,1300.0
2023-06-04,North,Product_D,2186.0
2023-06-04,North,Product_E,2809.0
2023-06-04,South,Product_A,1680.0
2023-06-04,South,Product_B,3998.0
2023-06-04,South,Product_C,2308.0
2023-06-04,South,Product_D,2207.0
2023-06-04,South,Product_E,4162.0
2023-06-04,West,Product_A,1931.0
2023-06-04,West,Product_B,3135.0
2023-06-04,West,Product_C,3177.0
2023-06-04,West,Product_D,4863.0
2023-06-04,West,Product_E,1978.0
2023-06-05,North,Product_A,3917.0
2023-06-05,North,Product_B,1692.0
2023-06-05,North,Product_C,4086.0
2023-06-05,North,Product_D,2164.0
2023-06-05,North,Product_E,1722.0
2023-06-05,South,Product_A,1425.0
2023-06-05,South,Product_B,1655.0
2023-06-05,South,Product_C,1349.0
2023-06-05,South,Product_D,3487.0
2023-06-05,South,Product_E,3738.0
2023-06-05,West,Product_A,3273.0
2023-06-05,West,Product_B,1547.0
2023-06-05,West,Product_C,2786.0
2023-06-05,West,Product_D,4653.0
2023-06-05,West,Product_E,3774.0
2023-06-06,North,Product_A,4028.0
2023-06-06,North,Product_B,4336.0
2023-06-06,North,Product_C,2745.0
2023-06-06,North,Product_D,4293.0
2023-06-06,North,Product_E,2876.0
2023-06-06,South,Product_A,3180.0
2023-06-06,South,Product_B,4814.0
2023-06-06,South,Product_C,3437.0
2023-06-06,South,Product_D,2949.0
2023-06-06,South,Product_E,1518.0
2023-06-06,West,Product_A,4601.0
2023-06-06,West,Product_B,2945.0
2023-06-06,West,Product_C,3889.0
2023-06-06,West,Product_D,1246.0
2023-06-06,West,Product_E,3452.0
2023-06-07,North,Product_A,3162.0
2023-06-07,North,Product_B,3776.0
2023-06-07,North,Product_C,4911.0
2023-06-07,North,Product_D,3679.0
2023-06-07,North,Product_E,1856.0
2023-06-07,South,Product_A,3435.0
2023-06-07,South,Product_B,2572.0
2023-06-07,South,Product_C,2922.0
2023-06-07,South,Product_D,4284.0
2023-06-07,South,Product_E,1432.0
2023-06-07,West,Product_A,1375.0
2023-06-07,West,Product_B,3005.0
2023-06-07,West,Product_C,2088.0
2023-06-07,West,Product_D,3355.0
2023-06-07,West,Product_E,2115.0
2023-06-08,North,Product_A,2781.0
2023-06-08,North,Product_B,2669.0
2023-06-08,North,Product_C,1410.0
2023-06-08,North,Product_D,1143.0
2023-06-08,North,Product_E,1346.0
2023-06-08,South,Product_A,1753.0
2023-06-08,South,Product_B,4474.0
2023-06-08,South,Product_C,1566.0
2023-06-08,South,Product_D,2235.0
2023-06-08,South,Product_E,1135.0
2023-06-08,West,Product_A,1278.0
2023-06-08,West,Product_B,3302.0
2023-06-08,West,Product_C,4789.0
2023-06-08,West,Product_D,4508.0
2023-06-08,West,Product_E,2563.0
2023-06-09,North,Product_A,2111.0
2023-06-09,North,Product_B,4537.0
2023-06-09,North,Product_C,2401.0
2023-06-09,North,Product_D,3421.0
2023-06-09,North,Product_E,1878.0
2023-06-09,South,Product_A,3265.0
2023-06-09,South,Product_B,3958.0
2023-06-09,South,Product_C,3079.0
2023-06-09,South,Product_D,2787.0
2023-06-09,South,Product_E,4447.0
2023-06-09,West,Product_A,4693.0
2023-06-09,West,Product_B,
2023-06-09,West,Product_C,3638.0
2023-06-09,West,Product_D,3209.0
2023-06-09,West,Product_E,1141.0
2023-06-10,North,Product_A,3655.0
2023-06-10,North,Product_B,3625.0
2023-06-10,North,Product_C,4806.0
2023-06-10,North,Product_D,4989.0
2023-06-10,North,Product_E,4439.0
2023-06-10,South,Product_A,3378.0
2023-06-10,South,Product_B,3210.0
2023-06-10,South,Product_C,3448.0
2023-06-10,South,Product_D,3792.0
2023-06-10,South,Product_E,3651.0
2023-06-10,West,Product_A,2921.0
2023-06-10,West,Product_B,4432.0
2023-06-10,West,Product_C,1179.0
2023-06-10,West,Product_D,2689.0
2023-06-10,West,Product_E,3049.0
2023-06-11,North,Product_A,1200.0
2023-06-11,North,Product_B,3329.0
2023-06-11,North,Product_C,2198.0
2023-06-11,North,Product_D,3899.0
2023-06-11,North,Product_E,4470.0
2023-06-11,South,Product_A,1422.0
2023-06-11,South,Product_B,4652.0
2023-06-11,South,Product_C,4801.0
2023-06-11,South,Product_D,1551.0
2023-06-11,South,Product_E,1455.0
2023-06-11,West,Product_A,2021.0
2023-06-11,West,Product_B,1662.0
2023-06-11,West,Product_C,4737.0
2023-06-11,West,Product_D,4606.0
2023-06-11,West,Product_E,4557.0
2023-06-12,North,Product_A,4841.0
2023-06-12,North,Product_B,3645.0
2023-06-12,North,Product_C,3900.0
2023-06-12,North,Product_D,4541.0
2023-06-12,North,Product_E,3749.0
2023-06-12,South,Product_A,3080.0
2023-06-12,South,Product_B,4376.0
2023-06-12,South,Product_C,1257.0
2023-06-12,South,Product_D,1682.0
2023-06-12,South,Product_E,4771.0
2023-06-12,West,Product_A,3296.0
2023-06-12,West,Product_B,3648.0
2023-06-12,West,Product_C,1805.0
2023-06-12,West,Product_D,1215.0
2023-06-12,West,Product_E,4048.0
2023-06-13,North,Product_A,3732.0
2023-06-13,North,Product_B,4606.0
2023-06-13,North,Product_C,1592.0
2023-06-13,North,Product_D,1218.0
2023-06-13,North,Product_E,4880.0
2023-06-13,South,Product_A,1949.0
2023-06-13,South,Product_B,2322.0
2023-06-13,South,Product_C,3379.0
2023-06-13,South,Product_D,4836.0
2023-06-13,South,Product_E,2735.0
2023-06-13,West,Product_A,2544.0
2023-06-13,West,Product_B,3717.0
2023-06-13,West,Product_C,3691.0
2023-06-13,West,Product_D,3774.0
2023-06-13,West,Product_E,2624.0
2023-06-14,North,Product_A,1132.0
2023-06-14,North,Product_B,4482.0
2023-06-14,North,Product_C,3280.0
2023-06-14,North,Product_D,3043.0
2023-06-14,North,Product_E,3561.0
2023-06-14,South,Product_A,2596.0
2023-06-14,South,Product_B,4502.0
2023-06-14,South,Product_C,2878.0
2023-06-14,South,Product_D,2568.0
2023-06-14,South,Product_E,4645.0
2023-06-14,West,Product_A,4190.0
2023-06-14,West,Product_B,2689.0
2023-06-14,West,Product_C,2017.0
2023-06-14,West,Product_D,4070.0
2023-06-14,West,Product_E,1034.0
2023-06-15,North,Product_A,1611.0
2023-06-15,North,Product_B,3444.0
2023-06-15,North,Product_C,2618.0
2023-06-15,North,Product_D,2753.0
2023-06-15,North,Product_E,1758.0
2023-06-15,South,Product_A,4565.0
2023-06-15,South,Product_B,4253.0
2023-06-15,South,Product_C,3444.0
2023-06-15,South,Product_D,2349.0
2023-06-15,South,Product_E,1177.0
2023-06-15,West,Product_A,1222.0
2023-06-15,West,Product_B,3287.0
2023-06-15,West,Product_C,2067.0
2023-06-15,West,Product_D,3304.0
2023-06-15,West,Product_E,1627.0
2023-06-16,North,Product_A,2066.0
2023-06-16,North,Product_B,3945.0
2023-06-16,North,Product_C,3716.0
2023-06-16,North,Product_D,3866.0
2023-06-16,North,Product_E,2222.0
2023-06-16,South,Product_A,1268.0
2023-06-16,South,Product_B,1892.0
2023-06-16,South,Product_C,2341.0
2023-06-16,South,Product_D,2169.0
2023-06-16,South,Product_E,2084.0
2023-06-16,West,Product_A,3820.0
2023-06-16,West,Product_B,4513.0
2023-06-16,West,Product_C,1837.0
2023-06-16,West,Product_D,2374.0
2023-06-16,West,Product_E,4824.0
2023-06-17,North,Product_A,4899.0
2023-06-17,North,Product_B,2778.0
2023-06-17,North,Product_C,4652.0
2023-06-17,North,Product_D,4791.0
2023-06-17,North,Product_E,3250.0
2023-06-17,South,Product_A,3346.0
2023-06-17,South,Product_B,3780.0
2023-06-17,South,Product_C,4468.0
2023-06-17,South,Product_D,1854.0
2023-06-17,South,Product_E,1270.0
2023-06-17,West,Product_A,3182.0
2023-06-17,West,Product_B,4750.0
2023-06-17,West,Product_C,2490.0
2023-06-17,West,Product_D,4366.0
2023-06-17,West,Product_E,1878.0
2023-06-18,North,Product_A,3897.0
2023-06-18,North,Product_B,3928.0
2023-06-18,North,Product_C,4839.0
2023-06-18,North,Product_D,2881.0
2023-06-18,North,Product_E,3073.0
2023-06-18,South,Product_A,3114.0
2023-06-18,South,Product_B,4923.0
2023-06-18,South,Product_C,3120.0
2023-06-18,South,Product_D,4070.0
2023-06-18,South,Product_E,3197.0
2023-06-18,West,Product_A,100.0
2023-06-18,West,Product_B,2635.0
2023-06-18,West,Product_C,1258.0
2023-06-18,West,Product_D,4811.0
2023-06-18,West,Product_E,4050.0
2023-06-19,North,Product_A,2885.0
2023-06-19,North,Product_B,3426.0
2023-06-19,North,Product_C,1319.0
2023-06-19,North,Product_D,1515.0
2023-06-19,North,Product_E,4404.0
2023-06-19,South,Product_A,2811.0
2023-06-19,South,Product_B,3212.0
2023-06-19,South,Product_C,1912.0
2023-06-19,South,Product_D,1402.0
2023-06-19,South,Product_E,4020.0
2023-06-19,West,Product_A,2288.0
2023-06-19,West,Product_B,3370.0
2023-06-19,West,Product_C,1129.0
2023-06-19,West,Product_D,3752.0
2023-06-19,West,Product_E,1981.0
2023-06-20,North,Product_A,2492.0
2023-06-20,North,Product_B,4846.0
2023-06-20,North,Product_C,1993.0
2023-06-20,North,Product_D,2321.0
2023-06-20,North,Product_E,1220.0
2023-06-20,South,Product_A,1163.0
2023-06-20,South,Product_B,2629.0
2023-06-20,South,Product_C,1428.0
2023-06-20,South,Product_D,2142.0
2023-06-20,South,Product_E,1675.0
2023-06-20,West,Product_A,1082.0
2023-06-20,West,Product_B,3090.0
2023-06-20,West,Product_C,1105.0
2023-06-20,West,Product_D,3785.0
2023-06-20,West,Product_E,1993.0
2023-06-21,North,Product_A,3614.0
2023-06-21,North,Product_B,2941.0
2023-06-21,North,Product_C,4512.0
2023-06-21,North,Product_D,1777.0
2023-06-21,North,Product_E,2003.0
2023-06-21,South,Product_A,3365.0
2023-06-21,South,Product_B,1619.0
2023-06-21,South,Product_C,2102.0
2023-06-21,South,Product_D,1952.0
2023-06-21,South,Product_E,4147.0
2023-06-21,West,Product_A,2952.0
2023-06-21,West,Product_B,1367.0
2023-06-21,West,Product_C,1603.0
2023-06-21,West,Product_D,2743.0
2023-06-21,West,Product_E,4682.0
2023-06-22,North,Product_A,4265.0
2023-06-22,North,Product_B,3102.0
2023-06-22,North,Product_C,1367.0
2023-06-22,North,Product_D,1333.0
2023-06-22,North,Product_E,3290.0
2023-06-22,South,Product_A,3246.0
2023-06-22,South,Product_B,1466.0
2023-06-22,South,Product_C,1382.0
2023-06-22,South,Product_D,1296.0
2023-06-22,South,Product_E,2478.0
2023-06-22,West,Product_A,2614.0
2023-06-22,West,Product_B,1497.0
2023-06-22,West,Product_C,3704.0
2023-06-22,West,Product_D,2435.0
2023-06-22,West,Product_E,3132.0
2023-06-23,North,Product_A,2201.0
2023-06-23,North,Product_B,2971.0
2023-06-23,North,Product_C,3073.0
2023-06-23,North,Product_D,3432.0
2023-06-23,North,Product_E,3089.0
2023-06-23,South,Product_A,2831.0
2023-06-23,South,Product_B,1285.0
2023-06-23,South,Product_C,1537.0
2023-06-23,South,Product_D,1354.0
2023-06-23,South,Product_E,4139.0
2023-06-23,West,Product_A,4317.0
2023-06-23,West,Product_B,3819.0
2023-06-23,West,Product_C,4998.0
2023-06-23,West,Product_D,4630.0
2023-06-23,West,Product_E,4808.0
2023-06-24,North,Product_A,3086.0
2023-06-24,North,Product_B,3145.0
2023-06-24,North,Product_C,4970.0
2023-06-24,North,Product_D,4356.0
2023-06-24,North,Product_E,4734.0
2023-06-24,South,Product_A,2848.0
2023-06-24,South,Product_B,4592.0
2023-06-24,South,Product_C,3053.0
2023-06-24,South,Product_D,2176.0
2023-06-24,South,Product_E,4427.0
2023-06-24,West,Product_A,2056.0
2023-06-24,West,Product_B,2310.0
2023-06-24,West,Product_C,4081.0
2023-06-24,West,Product_D,4840.0
2023-06-24,West,Product_E,1343.0
2023-06-25,North,Product_A,2492.0
2023-06-25,North,Product_B,4625.0
2023-06-25,North,Product_C,1773.0
2023-06-25,North,Product_D,1846.0
2023-06-25,North,Product_E,3502.0
2023-06-25,South,Product_A,1915.0
2023-06-25,South,Product_B,4145.0
2023-06-25,South,Product_C,4893.0
2023-06-25,South,Product_D,4356.0
2023-06-25,South,Product_E,4438.0
2023-06-25,West,Product_A,2475.0
2023-06-25,West,Product_B,2509.0
2023-06-25,West,Product_C,1229.0
2023-06-25,West,Product_D,3128.0
2023-06-25,West,Product_E,4978.0
2023-06-26,North,Product_A,4841.0
2023-06-26,North,Product_B,1481.0
2023-06-26,North,Product_C,3367.0
2023-06-26,North,Product_D,3563.0
2023-06-26,North,Product_E,3279.0
2023-06-26,South,Product_A,3506.0
2023-06-26,South,Product_B,4660.0
2023-06-26,South,Product_C,1428.0
2023-06-26,South,Product_D,1815.0
2023-06-26,South,Product_E,2931.0
2023-06-26,West,Product_A,4458.0
2023-06-26,West,Product_B,1729.0
2023-06-26,West,Product_C,3056.0
2023-06-26,West,Product_D,1620.0
2023-06-26,West,Product_E,3207.0
2023-06-27,North,Product_A,4572.0
2023-06-27,North,Product_B,1152.0
2023-06-27,North,Product_C,1762.0
2023-06-27,North,Product_D,4355.0
2023-06-27,North,Product_E,2605.0
2023-06-27,South,Product_A,4100.0
2023-06-27,South,Product_B,1760.0
2023-06-27,South,Product_C,3011.0
2023-06-27,South,Product_D,3165.0
2023-06-27,South,Product_E,3230.0
2023-06-27,West,Product_A,4259.0
2023-06-27,West,Product_B,2872.0
2023-06-27,West,Product_C,2698.0
2023-06-27,West,Product_D,4528.0
2023-06-27,West,Product_E,4420.0
2023-06-28,North,Product_A,1009.0
2023-06-28,North,Product_B,3691.0
2023-06-28,North,Product_C,1805.0
2023-06-28,North,Product_D,1791.0
2023-06-28,North,Product_E,4796.0
2023-06-28,South,Product_A,1545.0
2023-06-28,South,Product_B,2454.0
2023-06-28,South,Product_C,3109.0
2023-06-28,South,Product_D,4637.0
2023-06-28,South,Product_E,2126.0
2023-06-28,West,Product_A,1480.0
2023-06-28,West,Product_B,1960.0
2023-06-28,West,Product_C,2584.0
2023-06-28,West,Product_D,2355.0
2023-06-28,West,Product_E,4778.0
2023-06-29,North,Product_A,1081.0
2023-06-29,North,Product_B,3628.0
2023-06-29,North,Product_C,3441.0
2023-06-29,North,Product_D,2715.0
2023-06-29,North,Product_E,2813.0
2023-06-29,South,Product_A,3161.0
2023-06-29,South,Product_B,3446.0
2023-06-29,South,Product_C,4889.0
2023-06-29,South,Product_D,4161.0
2023-06-29,South,Product_E,4924.0
2023-06-29,West,Product_A,3353.0
2023-06-29,West,Product_B,2192.0
2023-06-29,West,Product_C,4441.0
2023-06-29,West,Product_D,2878.0
2023-06-29,West,Product_E,1918.0
2023-06-30,North,Product_A,3687.0
2023-06-30,North,Product_B,1586.0
2023-06-30,North,Product_C,1610.0
2023-06-30,North,Product_D,2741.0
2023-06-30,North,Product_E,1583.0
2023-06-30,South,Product_A,2016.0
2023-06-30,South,Product_B,4070.0
2023-06-30,South,Product_C,3455.0
2023-06-30,South,Product_D,4277.0
2023-06-30,South,Product_E,3903.0
2023-06-30,West,Product_A,2329.0
2023-06-30,West,Product_B,3107.0
2023-06-30,West,Product_C,1468.0
2023-06-30,West,Product_D,3477.0
2023-06-30,West,Product_E,1453.0
